Workbook

Sheet Instructions
A1: No. | B1: How to Use TYL Masterdata
A2: 1 | B2: Personal Data of the students must be entered only by FPC of the respective department
A3: 2 | B3: Please enter data in sorted Assessding order of students USN
A4: 3 | B4: Marks of the students can be entered by respective owners or assigned people from HOD
A5: 4 | B5: All Email Id's must be CMRIT Email id's, and USN must be Complete USN not the Roll Numbers
A6: 5 | B6: Enter the marks scored by the students in marks scored column
A7: 6 | B7: Do not enter 0 or 1 in the adacent column of marks scored. It will be automated
A8: 7 | B8: Please enter Max Marks allotted and Passing marks for each exam
A9: 8 | B9: VTU Results coulmn is only for Detained or Drop out studetns. For Regular students leave it blank
B11: Important Notice
A12: 1 | B12: Please do not alter the size of any column
A13: 2 | B13: Please do not Hide or Shrink any columns as others might be using it
A14: 3 | B14: Instead of CTRL+V for Paste use CTRL+SHIFT+V so the format of the Excel wont change
A15: 4 | B15: BLACK COLORED ROW IS TO ENTER THE PASSING MARKS IN THAT PARTICULAR SUBJECT

Sheet L1 
A1: pasa23aiml@cmrit.ac.in | B1: 98
A2: shpa23ainds@cmrit.ac.in | B2: 96
A3: kadhiravan.aids24le@cmrit.ac.in | B3: 96
A4: sunagar.aids24le@cmrit.ac.in | B4: 96
A5: charan.aids24le@cmrit.ac.in | B5: 84
A6: sudeep.aids24le@cmrit.ac.in | B6: 84
A7: kenneth.aids24le@cmrit.ac.in | B7: 84
A8: kiran.ece24le@cmrit.ac.in | B8: 84
A9: ranjithkumar.ece24le@cmrit.ac.in | B9: 80
A10: shreyas.cseds24le@cmrit.ac.in | B10: 80
A11: shma23ise@cmrit.ac.in | B11: 76
A12: gokul.ece24le@cmrit.ac.in | B12: 76
... A108: sukt23ece@cmrit.ac.in | B108: 16

Sheet L2
A1: arr23ainds@cmrit.ac.in | B1: 92
A2: kadhiravan.aids24le@cmrit.ac.in | B2: 92
A3: karankumar.aids24le@cmrit.ac.in | B3: 92
A4: srujan.ise24le@cmrit.ac.in | B4: 92
A5: rinesh.aids24le@cmrit.ac.in | B5: 92
A6: kartikjayavant.ise24le@cmrit.ac.in | B6: 92
A7: twinkletanya.ise24le@cmrit.ac.in | B7: 92
A8: sunagar.aids24le@cmrit.ac.in | B8: 88
A9: amar.ise24le@cmrit.ac.in | B9: 88
A10: bhsh23ainds@cmrit.ac.in | B10: 88
A11: harshavardhan.ise24le@cmrit.ac.in | B11: 88
A12: charan.aids24le@cmrit.ac.in | B12: 88
... A106: vishwanath.cse24le@cmrit.ac.in | B106: 16

Sheet L3
A1: 1CR23CS001 | B1: 70 | C1: =IF(B1>=70,"PASS","FAIL") -> PASS
A2: 1CR23CS002 | B2: 82 | C2: =IF(B2>=70,"PASS","FAIL") -> PASS
A3: 1CR23CS003 | B3: 70 | C3: =IF(B3>=70,"PASS","FAIL") -> PASS
A4: 1CR23CS004 | B4: 49 | C4: =IF(B4>=70,"PASS","FAIL") -> FAIL
A5: 1CR23CS005 | B5: 70 | C5: =IF(B5>=70,"PASS","FAIL") -> PASS
A6: 1CR23CS006 | B6: 54 | C6: =IF(B6>=70,"PASS","FAIL") -> FAIL | D6: Overall pass % across all brances = 43%
A7: 1CR23CS007 | B7: 70 | C7: =IF(B7>=70,"PASS","FAIL") -> PASS
A8: 1CR23CS008 | B8: 70 | C8: =IF(B8>=70,"PASS","FAIL") -> PASS
A9: 1CR23CS009 | B9: 70 | C9: =IF(B9>=70,"PASS","FAIL") -> PASS
A10: 1CR23CS010 | B10: 78 | C10: =IF(B10>=70,"PASS","FAIL") -> PASS
A11: 1CR23CS011 | B11: 6 | C11: =IF(B11>=70,"PASS","FAIL") -> FAIL
A12: 1CR23CS012 | B12: 72 | C12: =IF(B12>=70,"PASS","FAIL") -> PASS
A13: 1CR23CS013 | B13: 21 | C13: =IF(B13>=70,"PASS","FAIL") -> FAIL
A14: 1CR23CS014 | B14: 75 | C14: =IF(B14>=70,"PASS","FAIL") -> PASS
A15: 1CR23CS015 | B15: 71 | C15: =IF(B15>=70,"PASS","FAIL") -> PASS
A16: 1CR23CS016 | B16: 33 | C16: =IF(B16>=70,"PASS","FAIL") -> FAIL
A17: 1CR23CS017 | B17: 70 | C17: =IF(B17>=70,"PASS","FAIL") -> PASS
A18: 1CR23CS018 | B18: 88 | C18: =IF(B18>=70,"PASS","FAIL") -> PASS
... A113: 1CR23CS113 | B113: 77 | C113: =IF(B113>=70,"PASS","FAIL") -> PASS
A114: 1CR23CS114 | B114: 81 | C114: FAIL
A115: 1CR23CS115 | B115: 76 | C115: =IF(B115>=70,"PASS","FAIL") -> PASS
A116: 1CR23CS116 | B116: 82 | C116: =IF(B116>=70,"PASS","FAIL") -> PASS
A117: 1CR23CS117 | B117: 70 | C117: =IF(B117>=70,"PASS","FAIL") -> PASS
A118: 1CR23CS118 | B118: 70 | C118: =IF(B118>=70,"PASS","FAIL") -> PASS
A119: 1CR23CS119 | B119: 79 | C119: =IF(B119>=70,"PASS","FAIL") -> PASS
A120: 1CR23CS120 | B120: 74 | C120: =IF(B120>=70,"PASS","FAIL") -> PASS
A121: 1CR23CS121 | B121: 73 | C121: =IF(B121>=70,"PASS","FAIL") -> PASS
A122: 1CR23CS122 | B122: 70 | C122: =IF(B122>=70,"PASS","FAIL") -> PASS
A123: 1CR23CS123 | B123: 70 | C123: =IF(B123>=70,"PASS","FAIL") -> PASS
A124: 1CR23CS124 | B124: 75 | C124: =IF(B124>=70,"PASS","FAIL") -> PASS
A125: 1CR23CS125 | B125: 47 | C125: =IF(B125>=70,"PASS","FAIL") -> FAIL
A126: 1CR23CS126 | B126: 71 | C126: =IF(B126>=70,"PASS","FAIL") -> PASS
... A1203: 1CR24CI400 | B1203: 36 | C1203: =IF(B1203>=70,"PASS","FAIL") -> FAIL

Sheet L4
A1: 1CR23CS001 | B1: 71
A2: 1CR23CS002 | B2: 73
A3: 1CR23CS003 | B3: 70
A4: 1CR23CS004 | B4: 70
A5: 1CR23CS005 | B5: 70
A6: 1CR23CS006 | B6: 70
A7: 1CR23CS007 | B7: 70
A8: 1CR23CS008 | B8: 70
A9: 1CR23CS009 | B9: 70
A10: 1CR23CS010 | B10: 80
A11: 1CR23CS011 | B11: 70
A12: 1CR23CS012 | B12: 70
... A1202: 1CR24CD400 | B1202: 70

Sheet S1
A1: 1CR23IS001 | B1: 0
A2: 1CR23IS002 | B2: 93
A3: 1CR23IS003 | B3: 80
A4: 1CR23IS004 | B4: 80
A5: 1CR23IS005 | B5: 50
A6: 1CR23IS006 | B6: 82
A7: 1CR23IS007 | B7: 50
A8: 1CR23IS008 | B8: 80
A9: 1CR23IS009 | B9: 81
A10: 1CR23IS010 | B10: 91
A11: 1CR23IS011 | B11: 79
A12: 1CR23IS012 | B12: 79
... A1203: 1CR24EC423 | B1203: 50

Sheet S2
A1: 1CR23CS001 | B1: 50
A2: 1CR23CS002 | B2: 50
A3: 1CR23CS003 | B3: 63
A4: 1CR23CS004 | B4: 63
A5: 1CR23CS005 | B5: 63
A6: 1CR23CS006 | B6: 62
A7: 1CR23CS007 | B7: 50
A8: 1CR23CS008 | B8: 63
A9: 1CR23CS009 | B9: 50
A10: 1CR23CS010 | B10: 68
A11: 1CR23CS011 | B11: 50
A12: 1CR23CS012 | B12: 50
... A37: 1CR23CS037 | B37: 65
A38: 1CR23CS038 | B38: #N/A
A39: 1CR23CS039 | B39: 0
A40: 1CR23CS040 | B40: 50
A41: 1CR23CS041 | B41: 90
A42: 1CR23CS042 | B42: 65
A43: 1CR23CS043 | B43: 90
A44: 1CR23CS044 | B44: 50
A45: 1CR23CS045 | B45: 73
A46: 1CR23CS046 | B46: 66
A47: 1CR23CS047 | B47: 0
A48: 1CR23CS048 | B48: 73
A49: 1CR23CS049 | B49: 50
A50: 1CR23CS050 | B50: 50
... A61: 1CR23CS061 | B61: 90
A62: 1CR23CS062 | B62: #N/A
A63: 1CR23CS063 | B63: 65
A64: 1CR23CS064 | B64: 73
A65: 1CR23CS065 | B65: 65
A66: 1CR23CS066 | B66: 63
A67: 1CR23CS067 | B67: 65
A68: 1CR23CS068 | B68: 90
A69: 1CR23CS069 | B69: 0
A70: 1CR23CS070 | B70: 63
A71: 1CR23CS071 | B71: 65
A72: 1CR23CS072 | B72: 50
A73: 1CR23CS073 | B73: 66
A74: 1CR23CS074 | B74: 65
... A95: 1CR23CS095 | B95: 0
A96: 1CR23CS096 | B96: #N/A
A97: 1CR23CS097 | B97: 62
A98: 1CR23CS098 | B98: 66
A99: 1CR23CS099 | B99: 90
A100: 1CR23CS100 | B100: 66
A101: 1CR23CS101 | B101: 0
A102: 1CR23CS102 | B102: 0
A103: 1CR23CS103 | B103: 90
A104: 1CR23CS104 | B104: 0
A105: 1CR23CS105 | B105: 72
A106: 1CR23CS106 | B106: 65
A107: 1CR23CS107 | B107: 0
A108: 1CR23CS108 | B108: 63
... A144: 1CR23CS144 | B144: 0
A145: 1CR23CS145 | B145: #N/A
A146: 1CR23CS146 | B146: 50
A147: 1CR23CS147 | B147: 50
A148: 1CR23CS148 | B148: 50
A149: 1CR23CS149 | B149: 50
A150: 1CR23CS150 | B150: #N/A
A151: 1CR23CS151 | B151: 50
A152: 1CR23CS152 | B152: 50
A153: 1CR23CS153 | B153: 61
A154: 1CR23CS154 | B154: 50
A155: 1CR23CS155 | B155: 61
A156: 1CR23CS156 | B156: 50
A157: 1CR23CS157 | B157: 65
A158: 1CR23CS158 | B158: 0
A159: 1CR23CS159 | B159: 73
A160: 1CR23CS160 | B160: 50
A161: 1CR23CS161 | B161: 73
A162: 1CR23CS162 | B162: 73
A163: 1CR23CS163 | B163: #N/A
A164: 1CR23CS164 | B164: 84
A165: 1CR23CS165 | B165: 65
A166: 1CR23CS166 | B166: 84
A167: 1CR23CS167 | B167: 50
A168: 1CR23CS168 | B168: 50
A169: 1CR23CS169 | B169: 50
A170: 1CR23CS170 | B170: 50
A171: 1CR23CS171 | B171: 50
A172: 1CR23CS172 | B172: 0
A173: 1CR23CS173 | B173: 0
A174: 1CR23CS174 | B174: 50
A175: 1CR23CS175 | B175: 50
... A1203: 1CR24CI400 | B1203: 0

Sheet S3
A1: 1CR23CS001 | B1: 88
A2: 1CR23CS002 | B2: 74
A3: 1CR23CS003 | B3: 90
A4: 1CR23CS004 | B4: 86
A5: 1CR23CS005 | B5: 86
A6: 1CR23CS006 | B6: 50
A7: 1CR23CS007 | B7: 0
A8: 1CR23CS008 | B8: 0
A9: 1CR23CS009 | B9: 50
A10: 1CR23CS010 | B10: 87
A11: 1CR23CS011 | B11: 0
A12: 1CR23CS012 | B12: 74
... A1163: 1CR22AI034 | B1163: 0

Sheet A2 RETEST 4 DEC
A1: USN | B1: A2 FINAL
A2: 1CR22AI034 | B2: 7
A3: 1CR22CD039 | B3: 0
A4: 1CR22CS094 | B4: 13
A5: 1CR22CS116 | B5: 0
A6: 1CR22CS194 | B6: 23
A7: 1CR22CS209 | B7: 15
A8: 1CR22EC082 | B8: 13
A9: 1CR22EC144 | B9: 0
A10: 1CR22IS191 | B10: 0
A11: 1CR23AD001 | B11: 50
A12: 1CR23AD002 | B12: 45
A13: 1CR23AD003 | B13: 22
... A1165: 1CR24IS416 | B1165: 6

Sheet A1 RETEST 5 DEC
A1: USN | B1: FINAL
A2: 1CR22AI034 | B2: 0
A3: 1CR22CD039 | B3: 25
A4: 1CR22CS094 | B4: 0
A5: 1CR22CS116 | B5: 0
A6: 1CR22CS194 | B6: 0
A7: 1CR22CS209 | B7: 0
A8: 1CR22EC082 | B8: 44
A9: 1CR22EC144 | B9: 0
A10: 1CR22IS191 | B10: 54
A11: 1CR23AD001 | B11: 50
A12: 1CR23AD002 | B12: 59
A13: 1CR23AD003 | B13: 50
... A1165: 1CR24IS416 | B1165: 42

Sheet USN
A1: aapr23ise@cmrit.ac.in | B1: 1CR23IS001
A2: aab23ise@cmrit.ac.in | B2: 1CR23IS002
A3: aara23ise@cmrit.ac.in | B3: 1CR23IS003
A4: aasi23ise@cmrit.ac.in | B4: 1CR23IS004
A5: abti23ise@cmrit.ac.in | B5: 1CR23IS005
A6: ahsu23ise@cmrit.ac.in | B6: 1CR23IS007
A7: akpa23ise@cmrit.ac.in | B7: 1CR23IS008
A8: akku23ise@cmrit.ac.in | B8: 1CR23IS009
A9: amsh23ise@cmrit.ac.in | B9: 1CR23IS012
A10: amkr23ise@cmrit.ac.in | B10: 1CR23IS013
A11: anra23ise@cmrit.ac.in | B11: 1CR23IS014
A12: anve23ise@cmrit.ac.in | B12: 1CR23IS015
... A1088: stkh23ece@cmrit.ac.in | B1088: 1CR23EC217

Sheet Sheet27
A1: 1CR23EC001 | B1: 51.5
A2: 1CR23EC002 | B2: 43.5
A3: 1CR23EC003 | B3: 27
A4: 1CR23EC004 | B4: 0
A5: 1CR23EC005 | B5: 4.5
A6: 1CR23EC006 | B6: 6
A7: 1CR23EC007 | B7: 20
A8: 1CR23EC008 | B8: 0
A9: 1CR23EC009 | B9: 14.5
A10: 1CR23EC010 | B10: 9
A11: 1CR23EC011 | B11: 36.5
A12: 1CR23EC012 | B12: 9.5
... A477: 1CR22CS094 | B477: 12.5

Sheet Sheet23
A1: USN | B1: FINAL MARKS
A2: 1CR23CS002 | B2: 60
A3: 1CR23CS005 | B3: 37
A4: 1CR23CS006 | B4: 69
A5: 1CR23CS013 | B5: 33
A6: 1CR23CS015 | B6: 39
A7: 1CR23CS017 | B7: 72
A8: 1CR23CS018 | B8: 72
A9: 1CR23CS019 | B9: 33
A10: 1CR23CS024 | B10: 59
A11: 1CR23CS027 | B11: 78 | I11: `
A12: 1CR23CS028 | B12: 27
A13: 1CR23CS030 | B13: 68
A14: 1CR23CS031 | B14: 44
A15: 1CR23CS032 | B15: 57
A16: 1CR23CS033 | B16: 52
A17: 1CR23CS034 | B17: 62
A18: 1CR23CS036 | B18: 83
A19: 1CR23CS068 | B19: 60
A20: 1CR23CS041 | B20: 64
A21: 1CR23CS043 | B21: 60
A22: 1CR23CS045 | B22: 52
A23: 1CR23CS047 | B23: 20
... A284: 1CR23CD012 | B284: 25

Sheet UG-CSE
B1: Email | C1: Full Name | D1: USN (Keep data in Assending order) | E1: Phone | F1: BRANCH | G1: Comment (Branch change/Detained/Left college etc...) | H1: Language Lx | L1: Aptitude Ax | P1: Softskill Sx | T1: Core Cx | AA1: Programming Px | AK1: Lx | AL1: Ax | AM1: Cx | AN1: Px | AO1: Sx
B2: Cmrit Email id only | C2: As per PAN Card or 10th Mark scard | E2: 10 digits only | H2: L1 | I2: L2 | J2: L3 | K2: L4 | L2: A1 | M2: A2 | N2: A3 | O2: A4 | P2: S1 | Q2: S2 | R2: S3 | S2: S4 | T2: C2 Odd | U2: C2 Full | V2: C3 Odd | W2: C3 Full | X2: C4 Odd | Y2: C4 Full | Z2: C5 Full | AA2: P1-C | AB2: P2-Python | AC2: P3-Python | AD2: P3-Java | AE2: P4-Programming part 1 | AF2: P4-Programming part 2 | AG2: P4-MAD/FSD | AH2: P4-DS | AI2: P2+ Python | AJ2: Interview Readiness Level by T&P(1- 5 Highest) | AK2: Level Reached | AL2: Level Reached | AM2: Level Reached | AN2: Level Reached | AO2: Level Reached
B3: Max Marks | H3: 100 | I3: 100 | J3: 100 | K3: 100 | L3: 100 | M3: 100 | N3: 100 | O3: 100 | P3: 100 | Q3: 100 | R3: 100 | S3: 100 | T3: 25 | U3: 25 | V3: 100 | W3: 100 | X3: 100 | Y3: 100 | Z3: 100 | AA3: 100 | AB3: 100 | AC3: 100 | AD3: 100 | AE3: 100 | AF3: 100 | AG3: 100 | AH3: 100 | AI3: 100
B4: Passing Marks | H4: 65 | I4: 65 | J4: 70 | K4: 70 | L4: 50 | M4: 50 | N4: 50 | O4: 50 | P4: 50 | Q4: 50 | R4: 50 | S4: 50 | T4: 10 | U4: 10 | V4: 50 | W4: 50 | X4: 50 | Y4: 50 | Z4: 50 | AA4: 50 | AB4: 50 | AC4: 60 | AD4: 60 | AE4: 70 | AF4: 70 | AG4: 70 | AH4: 70 | AI4: 50
A5: 1 | B5: avre23cs@cmrit.ac.in | C5: A VENKATA NAVADEEP REDDY | D5: =VLOOKUP(B5,USN!$1:$1088,2,FALSE) -> 1CR23CS001 | E5: 9663561099 | F5: CSE | H5: 72 | I5: 77 | J5: =IFNA(VLOOKUP(D5,'L3'!$1:$2060,2,False),0) -> 70 | K5: =VLOOKUP(D5,'L4'!$1:$2059,2,FALSE) -> 71 | L5: =VLOOKUP(D5,'A1 RETEST 5 DEC'!$1:$2096,2,FALSE) -> 50 | M5: =VLOOKUP(D5,'A2 RETEST 4 DEC'!$1:$2096,2,FALSE) -> 13 | N5: 50 | P5: =IFNA(VLOOKUP(D5,'S1'!$1:$1325,2,False),0) -> 50 | Q5: =IFNA(vlookup(D5,'S2'!A1:B1203,2,False),0) -> 50 | R5: =ifna(vlookup(D5,'S3'!$1:$1311,2,False),0) -> 88 | T5: 17 | U5: 12 | V5: 84 | X5: 80 | AA5: 40 | AB5: 100 | AC5: 96.5 | AD5: 100 | AE5: 70 | AG5: 61 | AK5: =IF(H5>=$H$4, IF(I5>=$I$4, IF(J5>=$J$4, IF(K5>=$K$4, 4, 3), 2), 1), 0) -> 4 | AL5: =IF(L5>=$L$4, IF(M5>=$M$4, IF(N5>=$N$4, IF(O5>=$O$4, 4, 3), 2), 1), 0) -> 1 | AM5: =IF(AND(U5>=$U$4, W5>=$W$4, Y5>=$Y$4, Z5<>"", Z5>=$Z$4), 5, IF(AND(U5>=$U$4, W5>=$W$4, Y5>=$Y$4), 4, IF(AND(U5>=$U$4, W5>=$W$4), 3, IF(AND(T5>=$T$4, U5>=$U$4), 2, 0 ) ) ) ) -> 2 | AN5: =IF(AB5>=$AB$4, IF(OR(AC5>=$AC$4, AD5>=$AD$4), IF(AND(AE5>=$AE$4, AF5>=$AF$4, OR(AG5>=$AG$4, AH5>=$AH$4)), "4", IF(OR(AE5>=$AE$4, AF5>=$AF$4), "3.5", "3")), "2"), "0") -> 3.5 | AO5: =IF(P5>=$P$4, IF(Q5>=$Q$4, IF(R5>=$R$4, IF(S5>=$S$4,4,3), 2), 1), 0) -> 3
A6: 2 | B6: aagu23cs@cmrit.ac.in | C6: AADITYA GUPTA | D6: =VLOOKUP(B6,USN!$1:$1088,2,FALSE) -> 1CR23CS002 | E6: 8527939636 | F6: CSE | H6: 76 | I6: 90 | J6: =IFNA(VLOOKUP(D6,'L3'!$1:$2060,2,False),0) -> 82 | K6: =VLOOKUP(D6,'L4'!$1:$2059,2,FALSE) -> 73 | L6: =VLOOKUP(D6,'A1 RETEST 5 DEC'!$1:$2096,2,FALSE) -> 60 | M6: =VLOOKUP(D6,'A2 RETEST 4 DEC'!$1:$2096,2,FALSE) -> 50 | N6: 50 | P6: =IFNA(VLOOKUP(D6,'S1'!$1:$1325,2,False),0) -> 75 | Q6: =IFNA(vlookup(D6,'S2'!A2:B1204,2,False),0) -> 50 | R6: =ifna(vlookup(D6,'S3'!$1:$1311,2,False),0) -> 74 | T6: 22 | U6: 17 | V6: 64 | W6: 52 | X6: 72 | AA6: 80 | AB6: 96.25 | AC6: 60 | AD6: 18 | AE6: 23 | AG6: 20 | AK6: =IF(H6>=$H$4, IF(I6>=$I$4, IF(J6>=$J$4, IF(K6>=$K$4, 4, 3), 2), 1), 0) -> 4 | AL6: =IF(L6>=$L$4, IF(M6>=$M$4, IF(N6>=$N$4, IF(O6>=$O$4, 4, 3), 2), 1), 0) -> 3 | AM6: =IF(AND(U6>=$U$4, W6>=$W$4, Y6>=$Y$4, Z6<>"", Z6>=$Z$4), 5, IF(AND(U6>=$U$4, W6>=$W$4, Y6>=$Y$4), 4, IF(AND(U6>=$U$4, W6>=$W$4), 3, IF(AND(T6>=$T$4, U6>=$U$4), 2, 0 ) ) ) ) -> 3 | AN6: =IF(AB6>=$AB$4, IF(OR(AC6>=$AC$4, AD6>=$AD$4), IF(AND(AE6>=$AE$4, AF6>=$AF$4, OR(AG6>=$AG$4, AH6>=$AH$4)), "4", IF(OR(AE6>=$AE$4, AF6>=$AF$4), "3.5", "3")), "2"), "0") -> 3 | AO6: =IF(P6>=$P$4, IF(Q6>=$Q$4, IF(R6>=$R$4, IF(S6>=$S$4,4,3), 2), 1), 0) -> 3
A7: 3 | B7: aadgu23cs@cmrit.ac.in | C7: AADITYA GUPTA | D7: =VLOOKUP(B7,USN!$1:$1088,2,FALSE) -> 1CR23CS003 | E7: 9779820000000 | F7: CSE | H7: 81 | I7: 86 | J7: =IFNA(VLOOKUP(D7,'L3'!$1:$2060,2,False),0) -> 70 | K7: =VLOOKUP(D7,'L4'!$1:$2059,2,FALSE) -> 70 | L7: =VLOOKUP(D7,'A1 RETEST 5 DEC'!$1:$2096,2,FALSE) -> 60 | M7: =VLOOKUP(D7,'A2 RETEST 4 DEC'!$1:$2096,2,FALSE) -> 50 | N7: 50 | P7: =IFNA(VLOOKUP(D7,'S1'!$1:$1325,2,False),0) -> 72 | Q7: =IFNA(vlookup(D7,'S2'!A3:B1205,2,False),0) -> 63 | R7: =ifna(vlookup(D7,'S3'!$1:$1311,2,False),0) -> 90 | T7: 20 | U7: 21 | V7: 72 | W7: 24 | X7: 80 | AA7: 94 | AB7: 97.5 | AC7: 75 | AD7: 60 | AE7: 70 | AG7: 88 | AK7: =IF(H7>=$H$4, IF(I7>=$I$4, IF(J7>=$J$4, IF(K7>=$K$4, 4, 3), 2), 1), 0) -> 4 | AL7: =IF(L7>=$L$4, IF(M7>=$M$4, IF(N7>=$N$4, IF(O7>=$O$4, 4, 3), 2), 1), 0) -> 3 | AM7: =IF(AND(U7>=$U$4, W7>=$W$4, Y7>=$Y$4, Z7<>"", Z7>=$Z$4), 5, IF(AND(U7>=$U$4, W7>=$W$4, Y7>=$Y$4), 4, IF(AND(U7>=$U$4, W7>=$W$4), 3, IF(AND(T7>=$T$4, U7>=$U$4), 2, 0 ) ) ) ) -> 2 | AN7: =IF(AB7>=$AB$4, IF(OR(AC7>=$AC$4, AD7>=$AD$4), IF(AND(AE7>=$AE$4, AF7>=$AF$4, OR(AG7>=$AG$4, AH7>=$AH$4)), "4", IF(OR(AE7>=$AE$4, AF7>=$AF$4), "3.5", "3")), "2"), "0") -> 3.5 | AO7: =IF(P7>=$P$4, IF(Q7>=$Q$4, IF(R7>=$R$4, IF(S7>=$S$4,4,3), 2), 1), 0) -> 3
A8: 4 | B8: aagup23cs@cmrit.ac.in | C8: Aakash Gupta | D8: =VLOOKUP(B8,USN!$1:$1088,2,FALSE) -> 1CR23CS004 | E8: 7033933902 | F8: CSE | H8: 78 | I8: 85 | J8: =IFNA(VLOOKUP(D8,'L3'!$1:$2060,2,False),0) -> 49 | K8: =VLOOKUP(D8,'L4'!$1:$2059,2,FALSE) -> 70 | L8: =VLOOKUP(D8,'A1 RETEST 5 DEC'!$1:$2096,2,FALSE) -> 34 | M8: =VLOOKUP(D8,'A2 RETEST 4 DEC'!$1:$2096,2,FALSE) -> 18 | N8: 40 | P8: =IFNA(VLOOKUP(D8,'S1'!$1:$1325,2,False),0) -> 50 | Q8: =IFNA(vlookup(D8,'S2'!A4:B1206,2,False),0) -> 63 | R8: =ifna(vlookup(D8,'S3'!$1:$1311,2,False),0) -> 86 | T8: 20 | U8: 12 | V8: 56 | W8: 32 | X8: 76 | AA8: 0 | AB8: 93.75 | AC8: 22 | AD8: 70 | AE8: 35 | AG8: 26 | AK8: =IF(H8>=$H$4, IF(I8>=$I$4, IF(J8>=$J$4, IF(K8>=$K$4, 4, 3), 2), 1), 0) -> 2 | AL8: =IF(L8>=$L$4, IF(M8>=$M$4, IF(N8>=$N$4, IF(O8>=$O$4, 4, 3), 2), 1), 0) -> 0 | AM8: =IF(AND(U8>=$U$4, W8>=$W$4, Y8>=$Y$4, Z8<>"", Z8>=$Z$4), 5, IF(AND(U8>=$U$4, W8>=$W$4, Y8>=$Y$4), 4, IF(AND(U8>=$U$4, W8>=$W$4), 3, IF(AND(T8>=$T$4, U8>=$U$4), 2, 0 ) ) ) ) -> 2 | AN8: =IF(AB8>=$AB$4, IF(OR(AC8>=$AC$4, AD8>=$AD$4), IF(AND(AE8>=$AE$4, AF8>=$AF$4, OR(AG8>=$AG$4, AH8>=$AH$4)), "4", IF(OR(AE8>=$AE$4, AF8>=$AF$4), "3.5", "3")), "2"), "0") -> 3 | AO8: =IF(P8>=$P$4, IF(Q8>=$Q$4, IF(R8>=$R$4, IF(S8>=$S$4,4,3), 2), 1), 0) -> 3
A9: 5 | B9: aaru23cs@cmrit.ac.in | C9: AARUHI | D9: =VLOOKUP(B9,USN!$1:$1088,2,FALSE) -> 1CR23CS005 | E9: 9508931008 | F9: CSE | H9: 75 | I9: 83 | J9: =IFNA(VLOOKUP(D9,'L3'!$1:$2060,2,False),0) -> 70 | K9: =VLOOKUP(D9,'L4'!$1:$2059,2,FALSE) -> 70 | L9: =VLOOKUP(D9,'A1 RETEST 5 DEC'!$1:$2096,2,FALSE) -> 50 | M9: =VLOOKUP(D9,'A2 RETEST 4 DEC'!$1:$2096,2,FALSE) -> 50 | N9: 51 | P9: =IFNA(VLOOKUP(D9,'S1'!$1:$1325,2,False),0) -> 82 | Q9: =IFNA(vlookup(D9,'S2'!A5:B1207,2,False),0) -> 63 | R9: =ifna(vlookup(D9,'S3'!$1:$1311,2,False),0) -> 86 | T9: 12 | U9: 21 | V9: 72 | W9: 32 | X9: 80 | AA9: 94 | AB9: 97.5 | AC9: 80 | AD9: 60 | AE9: 70 | AG9: 86 | AK9: =IF(H9>=$H$4, IF(I9>=$I$4, IF(J9>=$J$4, IF(K9>=$K$4, 4, 3), 2), 1), 0) -> 4 | AL9: =IF(L9>=$L$4, IF(M9>=$M$4, IF(N9>=$N$4, IF(O9>=$O$4, 4, 3), 2), 1), 0) -> 3 | AM9: =IF(AND(U9>=$U$4, W9>=$W$4, Y9>=$Y$4, Z9<>"", Z9>=$Z$4), 5, IF(AND(U9>=$U$4, W9>=$W$4, Y9>=$Y$4), 4, IF(AND(U9>=$U$4, W9>=$W$4), 3, IF(AND(T9>=$T$4, U9>=$U$4), 2, 0 ) ) ) ) -> 2 | AN9: =IF(AB9>=$AB$4, IF(OR(AC9>=$AC$4, AD9>=$AD$4), IF(AND(AE9>=$AE$4, AF9>=$AF$4, OR(AG9>=$AG$4, AH9>=$AH$4)), "4", IF(OR(AE9>=$AE$4, AF9>=$AF$4), "3.5", "3")), "2"), "0") -> 3.5 | AO9: =IF(P9>=$P$4, IF(Q9>=$Q$4, IF(R9>=$R$4, IF(S9>=$S$4,4,3), 2), 1), 0) -> 3
A10: 6 | B10: aaup23cs@cmrit.ac.in | C10: AARYAN UPADHYAY | D10: =VLOOKUP(B10,USN!$1:$1088,2,FALSE) -> 1CR23CS006 | E10: 7624945805 | F10: CSE | H10: 85 | I10: 83 | J10: =IFNA(VLOOKUP(D10,'L3'!$1:$2060,2,False),0) -> 54 | K10: =VLOOKUP(D10,'L4'!$1:$2059,2,FALSE) -> 70 | L10: =VLOOKUP(D10,'A1 RETEST 5 DEC'!$1:$2096,2,FALSE) -> 69 | M10: =VLOOKUP(D10,'A2 RETEST 4 DEC'!$1:$2096,2,FALSE) -> 64 | N10: 50 | P10: =IFNA(VLOOKUP(D10,'S1'!$1:$1325,2,False),0) -> 75 | Q10: =IFNA(vlookup(D10,'S2'!A6:B1208,2,False),0) -> 62 | R10: =ifna(vlookup(D10,'S3'!$1:$1311,2,False),0) -> 50 | T10: 12 | U10: 17 | V10: 95 | W10: 40 | X10: 84 | AA10: 88 | AB10: 100 | AC10: 0 | AD10: 90 | AE10: 70 | AG10: 19 | AK10: =IF(H10>=$H$4, IF(I10>=$I$4, IF(J10>=$J$4, IF(K10>=$K$4, 4, 3), 2), 1), 0) -> 2 | AL10: =IF(L10>=$L$4, IF(M10>=$M$4, IF(N10>=$N$4, IF(O10>=$O$4, 4, 3), 2), 1), 0) -> 3 | AM10: =IF(AND(U10>=$U$4, W10>=$W$4, Y10>=$Y$4, Z10<>"", Z10>=$Z$4), 5, IF(AND(U10>=$U$4, W10>=$W$4, Y10>=$Y$4), 4, IF(AND(U10>=$U$4, W10>=$W$4), 3, IF(AND(T10>=$T$4, U10>=$U$4), 2, 0 ) ) ) ) -> 2 | AN10: =IF(AB10>=$AB$4, IF(OR(AC10>=$AC$4, AD10>=$AD$4), IF(AND(AE10>=$AE$4, AF10>=$AF$4, OR(AG10>=$AG$4, AH10>=$AH$4)), "4", IF(OR(AE10>=$AE$4, AF10>=$AF$4), "3.5", "3")), "2"), "0") -> 3.5 | AO10: =IF(P10>=$P$4, IF(Q10>=$Q$4, IF(R10>=$R$4, IF(S10>=$S$4,4,3), 2), 1), 0) -> 3
A11: 7 | B11: aaku23cs@cmrit.ac.in | C11: AASISH KUMAR SAH | D11: =VLOOKUP(B11,USN!$1:$1088,2,FALSE) -> 1CR23CS007 | E11: 9955584833 | F11: CSE | H11: 75 | I11: 70 | J11: =IFNA(VLOOKUP(D11,'L3'!$1:$2060,2,False),0) -> 70 | K11: =VLOOKUP(D11,'L4'!$1:$2059,2,FALSE) -> 70 | L11: =VLOOKUP(D11,'A1 RETEST 5 DEC'!$1:$2096,2,FALSE) -> 12 | M11: =VLOOKUP(D11,'A2 RETEST 4 DEC'!$1:$2096,2,FALSE) -> 35 | N11: 45 | P11: =IFNA(VLOOKUP(D11,'S1'!$1:$1325,2,False),0) -> 0 | Q11: =IFNA(vlookup(D11,'S2'!A7:B1209,2,False),0) -> 50 | R11: =ifna(vlookup(D11,'S3'!$1:$1311,2,False),0) -> 0 | T11: 18 | U11: 22 | V11: 84 | W11: 40 | X11: 86 | AA11: 79.6 | AB11: 78 | AC11: 70.5 | AD11: 60 | AE11: 73 | AG11: 48 | AK11: =IF(H11>=$H$4, IF(I11>=$I$4, IF(J11>=$J$4, IF(K11>=$K$4, 4, 3), 2), 1), 0) -> 4 | AL11: =IF(L11>=$L$4, IF(M11>=$M$4, IF(N11>=$N$4, IF(O11>=$O$4, 4, 3), 2), 1), 0) -> 0 | AM11: =IF(AND(U11>=$U$4, W11>=$W$4, Y11>=$Y$4, Z11<>"", Z11>=$Z$4), 5, IF(AND(U11>=$U$4, W11>=$W$4, Y11>=$Y$4), 4, IF(AND(U11>=$U$4, W11>=$W$4), 3, IF(AND(T11>=$T$4, U11>=$U$4), 2, 0 ) ) ) ) -> 2 | AN11: =IF(AB11>=$AB$4, IF(OR(AC11>=$AC$4, AD11>=$AD$4), IF(AND(AE11>=$AE$4, AF11>=$AF$4, OR(AG11>=$AG$4, AH11>=$AH$4)), "4", IF(OR(AE11>=$AE$4, AF11>=$AF$4), "3.5", "3")), "2"), "0") -> 3.5 | AO11: =IF(P11>=$P$4, IF(Q11>=$Q$4, IF(R11>=$R$4, IF(S11>=$S$4,4,3), 2), 1), 0) -> 0
A12: 8 | B12: aaoj23cs@cmrit.ac.in | C12: Aastha Ojha | D12: =VLOOKUP(B12,USN!$1:$1088,2,FALSE) -> 1CR23CS008 | E12: 7483247816 | F12: CSE | H12: 85 | I12: 82 | J12: =IFNA(VLOOKUP(D12,'L3'!$1:$2060,2,False),0) -> 70 | K12: =VLOOKUP(D12,'L4'!$1:$2059,2,FALSE) -> 70 | L12: =VLOOKUP(D12,'A1 RETEST 5 DEC'!$1:$2096,2,FALSE) -> 45 | M12: =VLOOKUP(D12,'A2 RETEST 4 DEC'!$1:$2096,2,FALSE) -> 19 | N12: 0 | P12: =IFNA(VLOOKUP(D12,'S1'!$1:$1325,2,False),0) -> 87 | Q12: =IFNA(vlookup(D12,'S2'!A8:B1210,2,False),0) -> 63 | R12: =ifna(vlookup(D12,'S3'!$1:$1311,2,False),0) -> 0 | T12: 19 | U12: 17 | V12: 72 | AA12: 15 | AB12: 98.75 | AC12: 82.5 | AD12: 60 | AE12: 10 | AG12: 5 | AK12: =IF(H12>=$H$4, IF(I12>=$I$4, IF(J12>=$J$4, IF(K12>=$K$4, 4, 3), 2), 1), 0) -> 4 | AL12: =IF(L12>=$L$4, IF(M12>=$M$4, IF(N12>=$N$4, IF(O12>=$O$4, 4, 3), 2), 1), 0) -> 0 | AM12: =IF(AND(U12>=$U$4, W12>=$W$4, Y12>=$Y$4, Z12<>"", Z12>=$Z$4), 5, IF(AND(U12>=$U$4, W12>=$W$4, Y12>=$Y$4), 4, IF(AND(U12>=$U$4, W12>=$W$4), 3, IF(AND(T12>=$T$4, U12>=$U$4), 2, 0 ) ) ) ) -> 2 | AN12: =IF(AB12>=$AB$4, IF(OR(AC12>=$AC$4, AD12>=$AD$4), IF(AND(AE12>=$AE$4, AF12>=$AF$4, OR(AG12>=$AG$4, AH12>=$AH$4)), "4", IF(OR(AE12>=$AE$4, AF12>=$AF$4), "3.5", "3")), "2"), "0") -> 3 | AO12: =IF(P12>=$P$4, IF(Q12>=$Q$4, IF(R12>=$R$4, IF(S12>=$S$4,4,3), 2), 1), 0) -> 2
A13: 9 | B13: aach23cs@cmrit.ac.in | C13: Aayush Chaudhary | D13: =VLOOKUP(B13,USN!$1:$1088,2,FALSE) -> 1CR23CS009 | E13: 9811541341 | F13: CSE | H13: 75 | I13: 83 | J13: =IFNA(VLOOKUP(D13,'L3'!$1:$2060,2,False),0) -> 70 | K13: =VLOOKUP(D13,'L4'!$1:$2059,2,FALSE) -> 70 | L13: =VLOOKUP(D13,'A1 RETEST 5 DEC'!$1:$2096,2,FALSE) -> 50 | M13: =VLOOKUP(D13,'A2 RETEST 4 DEC'!$1:$2096,2,FALSE) -> 50 | N13: 50 | P13: =IFNA(VLOOKUP(D13,'S1'!$1:$1325,2,False),0) -> 50 | Q13: =IFNA(vlookup(D13,'S2'!A9:B1211,2,False),0) -> 50 | R13: =ifna(vlookup(D13,'S3'!$1:$1311,2,False),0) -> 50 | T13: 18 | U13: 19 | V13: 84 | W13: 40 | X13: 84 | AA13: 83.2 | AB13: 50 | AC13: 80.5 | AD13: 60 | AE13: 82 | AG13: 76 | AK13: =IF(H13>=$H$4, IF(I13>=$I$4, IF(J13>=$J$4, IF(K13>=$K$4, 4, 3), 2), 1), 0) -> 4 | AL13: =IF(L13>=$L$4, IF(M13>=$M$4, IF(N13>=$N$4, IF(O13>=$O$4, 4, 3), 2), 1), 0) -> 3 | AM13: =IF(AND(U13>=$U$4, W13>=$W$4, Y13>=$Y$4, Z13<>"", Z13>=$Z$4), 5, IF(AND(U13>=$U$4, W13>=$W$4, Y13>=$Y$4), 4, IF(AND(U13>=$U$4, W13>=$W$4), 3, IF(AND(T13>=$T$4, U13>=$U$4), 2, 0 ) ) ) ) -> 2 | AN13: =IF(AB13>=$AB$4, IF(OR(AC13>=$AC$4, AD13>=$AD$4), IF(AND(AE13>=$AE$4, AF13>=$AF$4, OR(AG13>=$AG$4, AH13>=$AH$4)), "4", IF(OR(AE13>=$AE$4, AF13>=$AF$4), "3.5", "3")), "2"), "0") -> 3.5 | AO13: =IF(P13>=$P$4, IF(Q13>=$Q$4, IF(R13>=$R$4, IF(S13>=$S$4,4,3), 2), 1), 0) -> 3
A14: 10 | B14: abba23cs@cmrit.ac.in | C14: Abhisekh Baniya | D14: =VLOOKUP(B14,USN!$1:$1088,2,FALSE) -> 1CR23CS010 | E14: 9766869640 | F14: CSE | H14: 85 | I14: 84 | J14: =IFNA(VLOOKUP(D14,'L3'!$1:$2060,2,False),0) -> 78 | K14: =VLOOKUP(D14,'L4'!$1:$2059,2,FALSE) -> 80 | L14: =VLOOKUP(D14,'A1 RETEST 5 DEC'!$1:$2096,2,FALSE) -> 70 | M14: =VLOOKUP(D14,'A2 RETEST 4 DEC'!$1:$2096,2,FALSE) -> 50 | N14: 56 | P14: =IFNA(VLOOKUP(D14,'S1'!$1:$1325,2,False),0) -> 50 | Q14: =IFNA(vlookup(D14,'S2'!A10:B1212,2,False),0) -> 68 | R14: =ifna(vlookup(D14,'S3'!$1:$1311,2,False),0) -> 87 | T14: 20 | U14: 22 | V14: 72 | W14: 36 | X14: 86 | AA14: 100 | AB14: 100 | AC14: 99 | AD14: 100 | AE14: 70 | AG14: 70 | AK14: =IF(H14>=$H$4, IF(I14>=$I$4, IF(J14>=$J$4, IF(K14>=$K$4, 4, 3), 2), 1), 0) -> 4 | AL14: =IF(L14>=$L$4, IF(M14>=$M$4, IF(N14>=$N$4, IF(O14>=$O$4, 4, 3), 2), 1), 0) -> 3 | AM14: =IF(AND(U14>=$U$4, W14>=$W$4, Y14>=$Y$4, Z14<>"", Z14>=$Z$4), 5, IF(AND(U14>=$U$4, W14>=$W$4, Y14>=$Y$4), 4, IF(AND(U14>=$U$4, W14>=$W$4), 3, IF(AND(T14>=$T$4, U14>=$U$4), 2, 0 ) ) ) ) -> 2 | AN14: =IF(AB14>=$AB$4, IF(OR(AC14>=$AC$4, AD14>=$AD$4), IF(AND(AE14>=$AE$4, AF14>=$AF$4, OR(AG14>=$AG$4, AH14>=$AH$4)), "4", IF(OR(AE14>=$AE$4, AF14>=$AF$4), "3.5", "3")), "2"), "0") -> 3.5 | AO14: =IF(P14>=$P$4, IF(Q14>=$Q$4, IF(R14>=$R$4, IF(S14>=$S$4,4,3), 2), 1), 0) -> 3
A15: 11 | B15: abch23cs@cmrit.ac.in | C15: Abhishek Chataut | D15: =VLOOKUP(B15,USN!$1:$1088,2,FALSE) -> 1CR23CS011 | E15: +977 9766890860 | F15: CSE | H15: 88 | I15: 88 | J15: =IFNA(VLOOKUP(D15,'L3'!$1:$2060,2,False),0) -> 6 | K15: =VLOOKUP(D15,'L4'!$1:$2059,2,FALSE) -> 70 | L15: =VLOOKUP(D15,'A1 RETEST 5 DEC'!$1:$2096,2,FALSE) -> 64 | M15: =VLOOKUP(D15,'A2 RETEST 4 DEC'!$1:$2096,2,FALSE) -> 0 | N15: 18 | P15: =IFNA(VLOOKUP(D15,'S1'!$1:$1325,2,False),0) -> 50 | Q15: =IFNA(vlookup(D15,'S2'!A11:B1213,2,False),0) -> 50 | R15: =ifna(vlookup(D15,'S3'!$1:$1311,2,False),0) -> 0 | T15: 10 | U15: 20 | W15: 32 | AA15: 97.6 | AB15: 84 | AC15: 50 | AD15: 60 | AE15: 15 | AG15: 10 | AK15: =IF(H15>=$H$4, IF(I15>=$I$4, IF(J15>=$J$4, IF(K15>=$K$4, 4, 3), 2), 1), 0) -> 2 | AL15: =IF(L15>=$L$4, IF(M15>=$M$4, IF(N15>=$N$4, IF(O15>=$O$4, 4, 3), 2), 1), 0) -> 1 | AM15: =IF(AND(U15>=$U$4, W15>=$W$4, Y15>=$Y$4, Z15<>"", Z15>=$Z$4), 5, IF(AND(U15>=$U$4, W15>=$W$4, Y15>=$Y$4), 4, IF(AND(U15>=$U$4, W15>=$W$4), 3, IF(AND(T15>=$T$4, U15>=$U$4), 2, 0 ) ) ) ) -> 2 | AN15: =IF(AB15>=$AB$4, IF(OR(AC15>=$AC$4, AD15>=$AD$4), IF(AND(AE15>=$AE$4, AF15>=$AF$4, OR(AG15>=$AG$4, AH15>=$AH$4)), "4", IF(OR(AE15>=$AE$4, AF15>=$AF$4), "3.5", "3")), "2"), "0") -> 3 | AO15: =IF(P15>=$P$4, IF(Q15>=$Q$4, IF(R15>=$R$4, IF(S15>=$S$4,4,3), 2), 1), 0) -> 2
A16: 12 | B16: abhi23cs@cmrit.ac.in | C16: ABHISHEK SOMESHWAR HIREMATH | D16: =VLOOKUP(B16,USN!$1:$1088,2,FALSE) -> 1CR23CS012 | E16: 8217585639 | F16: CSE | H16: 80 | I16: 79 | J16: =IFNA(VLOOKUP(D16,'L3'!$1:$2060,2,False),0) -> 72 | K16: =VLOOKUP(D16,'L4'!$1:$2059,2,FALSE) -> 70 | L16: =VLOOKUP(D16,'A1 RETEST 5 DEC'!$1:$2096,2,FALSE) -> 53 | M16: =VLOOKUP(D16,'A2 RETEST 4 DEC'!$1:$2096,2,FALSE) -> 50 | N16: 50 | P16: =IFNA(VLOOKUP(D16,'S1'!$1:$1325,2,False),0) -> 72 | Q16: =IFNA(vlookup(D16,'S2'!A12:B1214,2,False),0) -> 50 | R16: =ifna(vlookup(D16,'S3'!$1:$1311,2,False),0) -> 74 | T16: 21 | U16: 22 | V16: 80 | W16: 72 | X16: 88 | AA16: 50 | AB16: 82.5 | AC16: 100 | AD16: 81 | AE16: 70 | AG16: 73 | AK16: =IF(H16>=$H$4, IF(I16>=$I$4, IF(J16>=$J$4, IF(K16>=$K$4, 4, 3), 2), 1), 0) -> 4 | AL16: =IF(L16>=$L$4, IF(M16>=$M$4, IF(N16>=$N$4, IF(O16>=$O$4, 4, 3), 2), 1), 0) -> 3 | AM16: =IF(AND(U16>=$U$4, W16>=$W$4, Y16>=$Y$4, Z16<>"", Z16>=$Z$4), 5, IF(AND(U16>=$U$4, W16>=$W$4, Y16>=$Y$4), 4, IF(AND(U16>=$U$4, W16>=$W$4), 3, IF(AND(T16>=$T$4, U16>=$U$4), 2, 0 ) ) ) ) -> 3 | AN16: =IF(AB16>=$AB$4, IF(OR(AC16>=$AC$4, AD16>=$AD$4), IF(AND(AE16>=$AE$4, AF16>=$AF$4, OR(AG16>=$AG$4, AH16>=$AH$4)), "4", IF(OR(AE16>=$AE$4, AF16>=$AF$4), "3.5", "3")), "2"), "0") -> 3.5 | AO16: =IF(P16>=$P$4, IF(Q16>=$Q$4, IF(R16>=$R$4, IF(S16>=$S$4,4,3), 2), 1), 0) -> 3
B17: abro23cs@cmrit.ac.in | C17: ABHISHREYANK ROY R L | D17: =VLOOKUP(B17,USN!$1:$1088,2,FALSE) -> 1CR23CS013 | E17: 9108687358 | F17: CSE | H17: 75 | I17: 74 | J17: =IFNA(VLOOKUP(D17,'L3'!$1:$2060,2,False),0) -> 21 | K17: =VLOOKUP(D17,'L4'!$1:$2059,2,FALSE) -> 6 | L17: =VLOOKUP(D17,'A1 RETEST 5 DEC'!$1:$2096,2,FALSE) -> 33 | M17: =VLOOKUP(D17,'A2 RETEST 4 DEC'!$1:$2096,2,FALSE) -> 0 | N17: 0 | P17: =IFNA(VLOOKUP(D17,'S1'!$1:$1325,2,False),0) -> 0 | Q17: =IFNA(vlookup(D17,'S2'!A13:B1215,2,False),0) -> 0 | R17: =ifna(vlookup(D17,'S3'!$1:$1311,2,False),0) -> 0 | T17: 17 | U17: 18 | AA17: 88 | AB17: 90 | AC17: 0 | AD17: 0 | AE17: 10 | AG17: 0 | AK17: =IF(H17>=$H$4, IF(I17>=$I$4, IF(J17>=$J$4, IF(K17>=$K$4, 4, 3), 2), 1), 0) -> 2 | AL17: =IF(L17>=$L$4, IF(M17>=$M$4, IF(N17>=$N$4, IF(O17>=$O$4, 4, 3), 2), 1), 0) -> 0 | AM17: =IF(AND(U17>=$U$4, W17>=$W$4, Y17>=$Y$4, Z17<>"", Z17>=$Z$4), 5, IF(AND(U17>=$U$4, W17>=$W$4, Y17>=$Y$4), 4, IF(AND(U17>=$U$4, W17>=$W$4), 3, IF(AND(T17>=$T$4, U17>=$U$4), 2, 0 ) ) ) ) -> 2 | AN17: =IF(AB17>=$AB$4, IF(OR(AC17>=$AC$4, AD17>=$AD$4), IF(AND(AE17>=$AE$4, AF17>=$AF$4, OR(AG17>=$AG$4, AH17>=$AH$4)), "4", IF(OR(AE17>=$AE$4, AF17>=$AF$4), "3.5", "3")), "2"), "0") -> 2 | AO17: =IF(P17>=$P$4, IF(Q17>=$Q$4, IF(R17>=$R$4, IF(S17>=$S$4,4,3), 2), 1), 0) -> 0
A18: 13 | B18: abmi23cs@cmrit.ac.in | C18: ABINASH MISHRA | D18: =VLOOKUP(B18,USN!$1:$1088,2,FALSE) -> 1CR23CS014 | E18: 7328048027 | F18: CSE | H18: 86 | I18: 87 | J18: =IFNA(VLOOKUP(D18,'L3'!$1:$2060,2,False),0) -> 75 | K18: =VLOOKUP(D18,'L4'!$1:$2059,2,FALSE) -> 70 | L18: =VLOOKUP(D18,'A1 RETEST 5 DEC'!$1:$2096,2,FALSE) -> 50 | M18: =VLOOKUP(D18,'A2 RETEST 4 DEC'!$1:$2096,2,FALSE) -> 50 | N18: 61 | P18: =IFNA(VLOOKUP(D18,'S1'!$1:$1325,2,False),0) -> 81 | Q18: =IFNA(vlookup(D18,'S2'!A14:B1216,2,False),0) -> 50 | R18: =ifna(vlookup(D18,'S3'!$1:$1311,2,False),0) -> 86 | T18: 13 | U18: 19 | V18: 44 | W18: 40 | X18: 50 | AA18: 100 | AB18: 100 | AC18: 0 | AD18: 60 | AE18: 23 | AG18: 36 | AK18: =IF(H18>=$H$4, IF(I18>=$I$4, IF(J18>=$J$4, IF(K18>=$K$4, 4, 3), 2), 1), 0) -> 4 | AL18: =IF(L18>=$L$4, IF(M18>=$M$4, IF(N18>=$N$4, IF(O18>=$O$4, 4, 3), 2), 1), 0) -> 3 | AM18: =IF(AND(U18>=$U$4, W18>=$W$4, Y18>=$Y$4, Z18<>"", Z18>=$Z$4), 5, IF(AND(U18>=$U$4, W18>=$W$4, Y18>=$Y$4), 4, IF(AND(U18>=$U$4, W18>=$W$4), 3, IF(AND(T18>=$T$4, U18>=$U$4), 2, 0 ) ) ) ) -> 2 | AN18: =IF(AB18>=$AB$4, IF(OR(AC18>=$AC$4, AD18>=$AD$4), IF(AND(AE18>=$AE$4, AF18>=$AF$4, OR(AG18>=$AG$4, AH18>=$AH$4)), "4", IF(OR(AE18>=$AE$4, AF18>=$AF$4), "3.5", "3")), "2"), "0") -> 3 | AO18: =IF(P18>=$P$4, IF(Q18>=$Q$4, IF(R18>=$R$4, IF(S18>=$S$4,4,3), 2), 1), 0) -> 3
A19: 14 | B19: adsy23cs@cmrit.ac.in | C19: ADITHYASY | D19: =VLOOKUP(B19,USN!$1:$1088,2,FALSE) -> 1CR23CS015 | E19: 9008729574 | F19: CSE | H19: 76 | I19: 74 | J19: =IFNA(VLOOKUP(D19,'L3'!$1:$2060,2,False),0) -> 71 | K19: =VLOOKUP(D19,'L4'!$1:$2059,2,FALSE) -> 78 | L19: =VLOOKUP(D19,'A1 RETEST 5 DEC'!$1:$2096,2,FALSE) -> 50 | M19: =VLOOKUP(D19,'A2 RETEST 4 DEC'!$1:$2096,2,FALSE) -> 50 | N19: 54 | P19: =IFNA(VLOOKUP(D19,'S1'!$1:$1325,2,False),0) -> 77 | Q19: =IFNA(vlookup(D19,'S2'!A15:B1217,2,False),0) -> 65 | R19: =ifna(vlookup(D19,'S3'!$1:$1311,2,False),0) -> 91 | T19: 14 | U19: 16 | V19: 68 | W19: 56 | X19: 82 | AA19: 78 | AB19: 95 | AC19: 98 | AD19: 100 | AE19: 81 | AG19: 78 | AK19: =IF(H19>=$H$4, IF(I19>=$I$4, IF(J19>=$J$4, IF(K19>=$K$4, 4, 3), 2), 1), 0) -> 4 | AL19: =IF(L19>=$L$4, IF(M19>=$M$4, IF(N19>=$N$4, IF(O19>=$O$4, 4, 3), 2), 1), 0) -> 3 | AM19: =IF(AND(U19>=$U$4, W19>=$W$4, Y19>=$Y$4, Z19<>"", Z19>=$Z$4), 5, IF(AND(U19>=$U$4, W19>=$W$4, Y19>=$Y$4), 4, IF(AND(U19>=$U$4, W19>=$W$4), 3, IF(AND(T19>=$T$4, U19>=$U$4), 2, 0 ) ) ) ) -> 3 | AN19: =IF(AB19>=$AB$4, IF(OR(AC19>=$AC$4, AD19>=$AD$4), IF(AND(AE19>=$AE$4, AF19>=$AF$4, OR(AG19>=$AG$4, AH19>=$AH$4)), "4", IF(OR(AE19>=$AE$4, AF19>=$AF$4), "3.5", "3")), "2"), "0") -> 3.5 | AO19: =IF(P19>=$P$4, IF(Q19>=$Q$4, IF(R19>=$R$4, IF(S19>=$S$4,4,3), 2), 1), 0) -> 3
A20: 15 | B20: adbh23cs@cmrit.ac.in | C20: Aditya Bhusal | D20: =VLOOKUP(B20,USN!$1:$1088,2,FALSE) -> 1CR23CS016 | E20: =+9779765503446 -> 9779765503446 | F20: CSE | H20: 79 | I20: 72 | J20: =IFNA(VLOOKUP(D20,'L3'!$1:$2060,2,False),0) -> 33 | K20: =VLOOKUP(D20,'L4'!$1:$2059,2,FALSE) -> 6 | L20: =VLOOKUP(D20,'A1 RETEST 5 DEC'!$1:$2096,2,FALSE) -> 11 | M20: =VLOOKUP(D20,'A2 RETEST 4 DEC'!$1:$2096,2,FALSE) -> 7 | N20: 0 | P20: =IFNA(VLOOKUP(D20,'S1'!$1:$1325,2,False),0) -> 0 | Q20: =IFNA(vlookup(D20,'S2'!A16:B1218,2,False),0) -> 0 | R20: =ifna(vlookup(D20,'S3'!$1:$1311,2,False),0) -> 0 | T20: 11 | U20: Ab | V20: 76 | AA20: 0 | AB20: 38 | AC20: 0 | AD20: 0 | AE20: 10 | AG20: 10 | AK20: =IF(H20>=$H$4, IF(I20>=$I$4, IF(J20>=$J$4, IF(K20>=$K$4, 4, 3), 2), 1), 0) -> 2 | AL20: =IF(L20>=$L$4, IF(M20>=$M$4, IF(N20>=$N$4, IF(O20>=$O$4, 4, 3), 2), 1), 0) -> 0 | AM20: =IF(AND(U20>=$U$4, W20>=$W$4, Y20>=$Y$4, Z20<>"", Z20>=$Z$4), 5, IF(AND(U20>=$U$4, W20>=$W$4, Y20>=$Y$4), 4, IF(AND(U20>=$U$4, W20>=$W$4), 3, IF(AND(T20>=$T$4, U20>=$U$4), 2, 0 ) ) ) ) -> 2 | AN20: =IF(AB20>=$AB$4, IF(OR(AC20>=$AC$4, AD20>=$AD$4), IF(AND(AE20>=$AE$4, AF20>=$AF$4, OR(AG20>=$AG$4, AH20>=$AH$4)), "4", IF(OR(AE20>=$AE$4, AF20>=$AF$4), "3.5", "3")), "2"), "0") -> 0 | AO20: =IF(P20>=$P$4, IF(Q20>=$Q$4, IF(R20>=$R$4, IF(S20>=$S$4,4,3), 2), 1), 0) -> 0
A21: 16 | B21: adpr23cs@cmrit.ac.in | C21: Aditya Prakash | D21: =VLOOKUP(B21,USN!$1:$1088,2,FALSE) -> 1CR23CS017 | E21: 8969143681 | F21: CSE | H21: 79 | I21: 83 | J21: =IFNA(VLOOKUP(D21,'L3'!$1:$2060,2,False),0) -> 70 | K21: =VLOOKUP(D21,'L4'!$1:$2059,2,FALSE) -> 70 | L21: =VLOOKUP(D21,'A1 RETEST 5 DEC'!$1:$2096,2,FALSE) -> 72 | M21: =VLOOKUP(D21,'A2 RETEST 4 DEC'!$1:$2096,2,FALSE) -> 4 | N21: 52 | P21: =IFNA(VLOOKUP(D21,'S1'!$1:$1325,2,False),0) -> 0 | Q21: =IFNA(vlookup(D21,'S2'!A17:B1219,2,False),0) -> 63 | R21: =ifna(vlookup(D21,'S3'!$1:$1311,2,False),0) -> 80 | T21: 10 | U21: 22 | V21: 84 | W21: 32 | X21: 78 | AA21: 74 | AB21: 100 | AC21: 75 | AD21: 75 | AE21: 72 | AG21: 40 | AK21: =IF(H21>=$H$4, IF(I21>=$I$4, IF(J21>=$J$4, IF(K21>=$K$4, 4, 3), 2), 1), 0) -> 4 | AL21: =IF(L21>=$L$4, IF(M21>=$M$4, IF(N21>=$N$4, IF(O21>=$O$4, 4, 3), 2), 1), 0) -> 1 | AM21: =IF(AND(U21>=$U$4, W21>=$W$4, Y21>=$Y$4, Z21<>"", Z21>=$Z$4), 5, IF(AND(U21>=$U$4, W21>=$W$4, Y21>=$Y$4), 4, IF(AND(U21>=$U$4, W21>=$W$4), 3, IF(AND(T21>=$T$4, U21>=$U$4), 2, 0 ) ) ) ) -> 2 | AN21: =IF(AB21>=$AB$4, IF(OR(AC21>=$AC$4, AD21>=$AD$4), IF(AND(AE21>=$AE$4, AF21>=$AF$4, OR(AG21>=$AG$4, AH21>=$AH$4)), "4", IF(OR(AE21>=$AE$4, AF21>=$AF$4), "3.5", "3")), "2"), "0") -> 3.5 | AO21: =IF(P21>=$P$4, IF(Q21>=$Q$4, IF(R21>=$R$4, IF(S21>=$S$4,4,3), 2), 1), 0) -> 0
A22: 17 | B22: adha23cs@cmrit.ac.in | C22: Advait Harish | D22: =VLOOKUP(B22,USN!$1:$1088,2,FALSE) -> 1CR23CS018 | E22: 9686313405 | F22: CSE | H22: 89 | I22: 89 | J22: =IFNA(VLOOKUP(D22,'L3'!$1:$2060,2,False),0) -> 88 | K22: =VLOOKUP(D22,'L4'!$1:$2059,2,FALSE) -> 72 | L22: =VLOOKUP(D22,'A1 RETEST 5 DEC'!$1:$2096,2,FALSE) -> 72 | M22: =VLOOKUP(D22,'A2 RETEST 4 DEC'!$1:$2096,2,FALSE) -> 50 | N22: 50 | P22: =IFNA(VLOOKUP(D22,'S1'!$1:$1325,2,False),0) -> 78 | Q22: =IFNA(vlookup(D22,'S2'!A18:B1220,2,False),0) -> 73 | R22: =ifna(vlookup(D22,'S3'!$1:$1311,2,False),0) -> 84 | T22: 14 | U22: 18 | V22: 75 | W22: 56 | X22: 86 | AA22: 99 | AB22: 100 | AC22: 98.5 | AD22: 74 | AE22: 87 | AG22: 73 | AK22: =IF(H22>=$H$4, IF(I22>=$I$4, IF(J22>=$J$4, IF(K22>=$K$4, 4, 3), 2), 1), 0) -> 4 | AL22: =IF(L22>=$L$4, IF(M22>=$M$4, IF(N22>=$N$4, IF(O22>=$O$4, 4, 3), 2), 1), 0) -> 3 | AM22: =IF(AND(U22>=$U$4, W22>=$W$4, Y22>=$Y$4, Z22<>"", Z22>=$Z$4), 5, IF(AND(U22>=$U$4, W22>=$W$4, Y22>=$Y$4), 4, IF(AND(U22>=$U$4, W22>=$W$4), 3, IF(AND(T22>=$T$4, U22>=$U$4), 2, 0 ) ) ) ) -> 3 | AN22: =IF(AB22>=$AB$4, IF(OR(AC22>=$AC$4, AD22>=$AD$4), IF(AND(AE22>=$AE$4, AF22>=$AF$4, OR(AG22>=$AG$4, AH22>=$AH$4)), "4", IF(OR(AE22>=$AE$4, AF22>=$AF$4), "3.5", "3")), "2"), "0") -> 3.5 | AO22: =IF(P22>=$P$4, IF(Q22>=$Q$4, IF(R22>=$R$4, IF(S22>=$S$4,4,3), 2), 1), 0) -> 3
A23: 18 | B23: adsa23cs@cmrit.ac.in | C23: ADVAIT SACHIN KESKAR | D23: =VLOOKUP(B23,USN!$1:$1088,2,FALSE) -> 1CR23CS019 | E23: 8792477272 | F23: CSE | H23: 89 | I23: 78 | J23: =IFNA(VLOOKUP(D23,'L3'!$1:$2060,2,False),0) -> 60 | K23: =VLOOKUP(D23,'L4'!$1:$2059,2,FALSE) -> 37 | L23: =VLOOKUP(D23,'A1 RETEST 5 DEC'!$1:$2096,2,FALSE) -> 33 | M23: =VLOOKUP(D23,'A2 RETEST 4 DEC'!$1:$2096,2,FALSE) -> 0 | N23: 6 | P23: =IFNA(VLOOKUP(D23,'S1'!$1:$1325,2,False),0) -> 0 | Q23: =IFNA(vlookup(D23,'S2'!A19:B1221,2,False),0) -> 0 | R23: =ifna(vlookup(D23,'S3'!$1:$1311,2,False),0) -> 0 | T23: 14 | U23: 15 | V23: 32 | W23: 44 | AA23: 54 | AB23: 35 | AC23: 0 | AD23: 0 | AE23: 10 | AG23: 0 | AK23: =IF(H23>=$H$4, IF(I23>=$I$4, IF(J23>=$J$4, IF(K23>=$K$4, 4, 3), 2), 1), 0) -> 2 | AL23: =IF(L23>=$L$4, IF(M23>=$M$4, IF(N23>=$N$4, IF(O23>=$O$4, 4, 3), 2), 1), 0) -> 0 | AM23: =IF(AND(U23>=$U$4, W23>=$W$4, Y23>=$Y$4, Z23<>"", Z23>=$Z$4), 5, IF(AND(U23>=$U$4, W23>=$W$4, Y23>=$Y$4), 4, IF(AND(U23>=$U$4, W23>=$W$4), 3, IF(AND(T23>=$T$4, U23>=$U$4), 2, 0 ) ) ) ) -> 2 | AN23: =IF(AB23>=$AB$4, IF(OR(AC23>=$AC$4, AD23>=$AD$4), IF(AND(AE23>=$AE$4, AF23>=$AF$4, OR(AG23>=$AG$4, AH23>=$AH$4)), "4", IF(OR(AE23>=$AE$4, AF23>=$AF$4), "3.5", "3")), "2"), "0") -> 0 | AO23: =IF(P23>=$P$4, IF(Q23>=$Q$4, IF(R23>=$R$4, IF(S23>=$S$4,4,3), 2), 1), 0) -> 0
A24: 19 | B24: aish23cs@cmrit.ac.in | C24: AISHWARYA SHARABANNAGOUDA MALIPATIL | D24: =VLOOKUP(B24,USN!$1:$1088,2,FALSE) -> 1CR23CS020 | E24: 9019105930 | F24: CSE | H24: 71 | I24: 74 | J24: =IFNA(VLOOKUP(D24,'L3'!$1:$2060,2,False),0) -> 70 | K24: =VLOOKUP(D24,'L4'!$1:$2059,2,FALSE) -> 70 | L24: =VLOOKUP(D24,'A1 RETEST 5 DEC'!$1:$2096,2,FALSE) -> 50 | M24: =VLOOKUP(D24,'A2 RETEST 4 DEC'!$1:$2096,2,FALSE) -> 13 | N24: 50 | P24: =IFNA(VLOOKUP(D24,'S1'!$1:$1325,2,False),0) -> 87 | Q24: =IFNA(vlookup(D24,'S2'!A20:B1222,2,False),0) -> 66 | R24: =ifna(vlookup(D24,'S3'!$1:$1311,2,False),0) -> 83 | T24: 12 | U24: 17 | V24: 85 | W24: 40 | X24: 86 | AA24: 100 | AB24: 97.5 | AC24: 62.5 | AD24: 100 | AE24: 25 | AG24: 71 | AK24: =IF(H24>=$H$4, IF(I24>=$I$4, IF(J24>=$J$4, IF(K24>=$K$4, 4, 3), 2), 1), 0) -> 4 | AL24: =IF(L24>=$L$4, IF(M24>=$M$4, IF(N24>=$N$4, IF(O24>=$O$4, 4, 3), 2), 1), 0) -> 1 | AM24: =IF(AND(U24>=$U$4, W24>=$W$4, Y24>=$Y$4, Z24<>"", Z24>=$Z$4), 5, IF(AND(U24>=$U$4, W24>=$W$4, Y24>=$Y$4), 4, IF(AND(U24>=$U$4, W24>=$W$4), 3, IF(AND(T24>=$T$4, U24>=$U$4), 2, 0 ) ) ) ) -> 2 | AN24: =IF(AB24>=$AB$4, IF(OR(AC24>=$AC$4, AD24>=$AD$4), IF(AND(AE24>=$AE$4, AF24>=$AF$4, OR(AG24>=$AG$4, AH24>=$AH$4)), "4", IF(OR(AE24>=$AE$4, AF24>=$AF$4), "3.5", "3")), "2"), "0") -> 3 | AO24: =IF(P24>=$P$4, IF(Q24>=$Q$4, IF(R24>=$R$4, IF(S24>=$S$4,4,3), 2), 1), 0) -> 3
A25: 20 | B25: aiai23cs@cmrit.ac.in | C25: Aishwarya sujan | D25: =VLOOKUP(B25,USN!$1:$1088,2,FALSE) -> 1CR23CS021 | E25: 8296162379 | F25: CSE | H25: 88 | I25: 90 | J25: =IFNA(VLOOKUP(D25,'L3'!$1:$2060,2,False),0) -> 92 | K25: =VLOOKUP(D25,'L4'!$1:$2059,2,FALSE) -> 77 | L25: =VLOOKUP(D25,'A1 RETEST 5 DEC'!$1:$2096,2,FALSE) -> 50 | M25: =VLOOKUP(D25,'A2 RETEST 4 DEC'!$1:$2096,2,FALSE) -> 28 | N25: 50 | P25: =IFNA(VLOOKUP(D25,'S1'!$1:$1325,2,False),0) -> 77 | Q25: =IFNA(vlookup(D25,'S2'!A21:B1223,2,False),0) -> 73 | R25: =ifna(vlookup(D25,'S3'!$1:$1311,2,False),0) -> 93 | T25: 10 | U25: 20 | V25: 80 | W25: 56 | X25: 88 | AA25: 94 | AB25: 100 | AC25: 63.5 | AD25: 68 | AE25: 77 | AG25: 63 | AK25: =IF(H25>=$H$4, IF(I25>=$I$4, IF(J25>=$J$4, IF(K25>=$K$4, 4, 3), 2), 1), 0) -> 4 | AL25: =IF(L25>=$L$4, IF(M25>=$M$4, IF(N25>=$N$4, IF(O25>=$O$4, 4, 3), 2), 1), 0) -> 1 | AM25: =IF(AND(U25>=$U$4, W25>=$W$4, Y25>=$Y$4, Z25<>"", Z25>=$Z$4), 5, IF(AND(U25>=$U$4, W25>=$W$4, Y25>=$Y$4), 4, IF(AND(U25>=$U$4, W25>=$W$4), 3, IF(AND(T25>=$T$4, U25>=$U$4), 2, 0 ) ) ) ) -> 3 | AN25: =IF(AB25>=$AB$4, IF(OR(AC25>=$AC$4, AD25>=$AD$4), IF(AND(AE25>=$AE$4, AF25>=$AF$4, OR(AG25>=$AG$4, AH25>=$AH$4)), "4", IF(OR(AE25>=$AE$4, AF25>=$AF$4), "3.5", "3")), "2"), "0") -> 3.5 | AO25: =IF(P25>=$P$4, IF(Q25>=$Q$4, IF(R25>=$R$4, IF(S25>=$S$4,4,3), 2), 1), 0) -> 3
A26: 21 | B26: aj23cs@cmrit.ac.in | C26: Ajay | D26: =VLOOKUP(B26,USN!$1:$1088,2,FALSE) -> 1CR23CS022 | E26: 8830894731 | F26: CSE | H26: 73 | I26: 75 | J26: =IFNA(VLOOKUP(D26,'L3'!$1:$2060,2,False),0) -> 61 | K26: =VLOOKUP(D26,'L4'!$1:$2059,2,FALSE) -> 70 | L26: =VLOOKUP(D26,'A1 RETEST 5 DEC'!$1:$2096,2,FALSE) -> 58 | M26: =VLOOKUP(D26,'A2 RETEST 4 DEC'!$1:$2096,2,FALSE) -> 25 | N26: 13 | P26: =IFNA(VLOOKUP(D26,'S1'!$1:$1325,2,False),0) -> 50 | Q26: =IFNA(vlookup(D26,'S2'!A22:B1224,2,False),0) -> 0 | R26: =ifna(vlookup(D26,'S3'!$1:$1311,2,False),0) -> 50 | T26: 20 | U26: 17 | V26: 68 | W26: 40 | X26: 88 | AA26: 42 | AB26: 55 | AC26: 12.5 | AD26: 70 | AE26: 24 | AG26: 5 | AK26: =IF(H26>=$H$4, IF(I26>=$I$4, IF(J26>=$J$4, IF(K26>=$K$4, 4, 3), 2), 1), 0) -> 2 | AL26: =IF(L26>=$L$4, IF(M26>=$M$4, IF(N26>=$N$4, IF(O26>=$O$4, 4, 3), 2), 1), 0) -> 1 | AM26: =IF(AND(U26>=$U$4, W26>=$W$4, Y26>=$Y$4, Z26<>"", Z26>=$Z$4), 5, IF(AND(U26>=$U$4, W26>=$W$4, Y26>=$Y$4), 4, IF(AND(U26>=$U$4, W26>=$W$4), 3, IF(AND(T26>=$T$4, U26>=$U$4), 2, 0 ) ) ) ) -> 2 | AN26: =IF(AB26>=$AB$4, IF(OR(AC26>=$AC$4, AD26>=$AD$4), IF(AND(AE26>=$AE$4, AF26>=$AF$4, OR(AG26>=$AG$4, AH26>=$AH$4)), "4", IF(OR(AE26>=$AE$4, AF26>=$AF$4), "3.5", "3")), "2"), "0") -> 3 | AO26: =IF(P26>=$P$4, IF(Q26>=$Q$4, IF(R26>=$R$4, IF(S26>=$S$4,4,3), 2), 1), 0) -> 1
A27: 22 | B27: ajk23cs@cmrit.ac.in | C27: AJEYA KUMARA K | D27: =VLOOKUP(B27,USN!$1:$1088,2,FALSE) -> 1CR23CS023 | E27: 9019841504 | F27: CSE | H27: 74 | I27: 76 | J27: =IFNA(VLOOKUP(D27,'L3'!$1:$2060,2,False),0) -> 70 | K27: =VLOOKUP(D27,'L4'!$1:$2059,2,FALSE) -> 75 | L27: =VLOOKUP(D27,'A1 RETEST 5 DEC'!$1:$2096,2,FALSE) -> 53 | M27: =VLOOKUP(D27,'A2 RETEST 4 DEC'!$1:$2096,2,FALSE) -> 50 | N27: 52 | P27: =IFNA(VLOOKUP(D27,'S1'!$1:$1325,2,False),0) -> 75 | Q27: =IFNA(vlookup(D27,'S2'!A23:B1225,2,False),0) -> 62 | R27: =ifna(vlookup(D27,'S3'!$1:$1311,2,False),0) -> 80 | T27: 20 | U27: 18 | V27: 64 | W27: 64 | X27: 86 | AA27: 100 | AB27: 60 | AC27: 100 | AD27: 88 | AE27: 80 | AG27: 76 | AK27: =IF(H27>=$H$4, IF(I27>=$I$4, IF(J27>=$J$4, IF(K27>=$K$4, 4, 3), 2), 1), 0) -> 4 | AL27: =IF(L27>=$L$4, IF(M27>=$M$4, IF(N27>=$N$4, IF(O27>=$O$4, 4, 3), 2), 1), 0) -> 3 | AM27: =IF(AND(U27>=$U$4, W27>=$W$4, Y27>=$Y$4, Z27<>"", Z27>=$Z$4), 5, IF(AND(U27>=$U$4, W27>=$W$4, Y27>=$Y$4), 4, IF(AND(U27>=$U$4, W27>=$W$4), 3, IF(AND(T27>=$T$4, U27>=$U$4), 2, 0 ) ) ) ) -> 3 | AN27: =IF(AB27>=$AB$4, IF(OR(AC27>=$AC$4, AD27>=$AD$4), IF(AND(AE27>=$AE$4, AF27>=$AF$4, OR(AG27>=$AG$4, AH27>=$AH$4)), "4", IF(OR(AE27>=$AE$4, AF27>=$AF$4), "3.5", "3")), "2"), "0") -> 3.5 | AO27: =IF(P27>=$P$4, IF(Q27>=$Q$4, IF(R27>=$R$4, IF(S27>=$S$4,4,3), 2), 1), 0) -> 3
A28: 23 | B28: akbv23cs@cmrit.ac.in | C28: AKASH B V | D28: =VLOOKUP(B28,USN!$1:$1088,2,FALSE) -> 1CR23CS024 | E28: 7022615568 | F28: CSE | H28: 77 | I28: 82 | J28: =IFNA(VLOOKUP(D28,'L3'!$1:$2060,2,False),0) -> 70 | K28: =VLOOKUP(D28,'L4'!$1:$2059,2,FALSE) -> 75 | L28: =VLOOKUP(D28,'A1 RETEST 5 DEC'!$1:$2096,2,FALSE) -> 59 | M28: =VLOOKUP(D28,'A2 RETEST 4 DEC'!$1:$2096,2,FALSE) -> 25 | N28: 0 | P28: =IFNA(VLOOKUP(D28,'S1'!$1:$1325,2,False),0) -> 77 | Q28: =IFNA(vlookup(D28,'S2'!A24:B1226,2,False),0) -> 62 | R28: =ifna(vlookup(D28,'S3'!$1:$1311,2,False),0) -> 0 | T28: 12 | U28: 17 | V28: 68 | W28: 48 | AA28: 98 | AB28: 100 | AC28: 60 | AD28: 62 | AE28: 10 | AG28: 5 | AK28: =IF(H28>=$H$4, IF(I28>=$I$4, IF(J28>=$J$4, IF(K28>=$K$4, 4, 3), 2), 1), 0) -> 4 | AL28: =IF(L28>=$L$4, IF(M28>=$M$4, IF(N28>=$N$4, IF(O28>=$O$4, 4, 3), 2), 1), 0) -> 1 | AM28: =IF(AND(U28>=$U$4, W28>=$W$4, Y28>=$Y$4, Z28<>"", Z28>=$Z$4), 5, IF(AND(U28>=$U$4, W28>=$W$4, Y28>=$Y$4), 4, IF(AND(U28>=$U$4, W28>=$W$4), 3, IF(AND(T28>=$T$4, U28>=$U$4), 2, 0 ) ) ) ) -> 2 | AN28: =IF(AB28>=$AB$4, IF(OR(AC28>=$AC$4, AD28>=$AD$4), IF(AND(AE28>=$AE$4, AF28>=$AF$4, OR(AG28>=$AG$4, AH28>=$AH$4)), "4", IF(OR(AE28>=$AE$4, AF28>=$AF$4), "3.5", "3")), "2"), "0") -> 3 | AO28: =IF(P28>=$P$4, IF(Q28>=$Q$4, IF(R28>=$R$4, IF(S28>=$S$4,4,3), 2), 1), 0) -> 2
A29: 24 | B29: akj23cs@cmrit.ac.in | C29: AKASH J | D29: =VLOOKUP(B29,USN!$1:$1088,2,FALSE) -> 1CR23CS025 | E29: 7349119348 | F29: CSE | H29: 71 | I29: 69 | J29: =IFNA(VLOOKUP(D29,'L3'!$1:$2060,2,False),0) -> 45 | K29: =VLOOKUP(D29,'L4'!$1:$2059,2,FALSE) -> 24 | L29: =VLOOKUP(D29,'A1 RETEST 5 DEC'!$1:$2096,2,FALSE) -> 34 | M29: =VLOOKUP(D29,'A2 RETEST 4 DEC'!$1:$2096,2,FALSE) -> 15 | N29: 0 | P29: =IFNA(VLOOKUP(D29,'S1'!$1:$1325,2,False),0) -> 0 | Q29: =IFNA(vlookup(D29,'S2'!A25:B1227,2,False),0) -> 0 | R29: =ifna(vlookup(D29,'S3'!$1:$1311,2,False),0) -> 0 | T29: 18 | U29: 20 | V29: 76 | W29: 28 | X29: 82 | AA29: 20 | AB29: 78.75 | AC29: 0 | AD29: 76 | AE29: 10 | AG29: 0 | AK29: =IF(H29>=$H$4, IF(I29>=$I$4, IF(J29>=$J$4, IF(K29>=$K$4, 4, 3), 2), 1), 0) -> 2 | AL29: =IF(L29>=$L$4, IF(M29>=$M$4, IF(N29>=$N$4, IF(O29>=$O$4, 4, 3), 2), 1), 0) -> 0 | AM29: =IF(AND(U29>=$U$4, W29>=$W$4, Y29>=$Y$4, Z29<>"", Z29>=$Z$4), 5, IF(AND(U29>=$U$4, W29>=$W$4, Y29>=$Y$4), 4, IF(AND(U29>=$U$4, W29>=$W$4), 3, IF(AND(T29>=$T$4, U29>=$U$4), 2, 0 ) ) ) ) -> 2 | AN29: =IF(AB29>=$AB$4, IF(OR(AC29>=$AC$4, AD29>=$AD$4), IF(AND(AE29>=$AE$4, AF29>=$AF$4, OR(AG29>=$AG$4, AH29>=$AH$4)), "4", IF(OR(AE29>=$AE$4, AF29>=$AF$4), "3.5", "3")), "2"), "0") -> 3 | AO29: =IF(P29>=$P$4, IF(Q29>=$Q$4, IF(R29>=$R$4, IF(S29>=$S$4,4,3), 2), 1), 0) -> 0
A30: 25 | B30: ak23cs@cmrit.ac.in | C30: Akshaya | D30: =VLOOKUP(B30,USN!$1:$1088,2,FALSE) -> 1CR23CS026 | E30: 9916845777 | F30: CSE | H30: 83 | I30: 89 | J30: =IFNA(VLOOKUP(D30,'L3'!$1:$2060,2,False),0) -> 70 | K30: =VLOOKUP(D30,'L4'!$1:$2059,2,FALSE) -> 73 | L30: =VLOOKUP(D30,'A1 RETEST 5 DEC'!$1:$2096,2,FALSE) -> 50 | M30: =VLOOKUP(D30,'A2 RETEST 4 DEC'!$1:$2096,2,FALSE) -> 50 | N30: 50 | P30: =IFNA(VLOOKUP(D30,'S1'!$1:$1325,2,False),0) -> 78 | Q30: =IFNA(vlookup(D30,'S2'!A26:B1228,2,False),0) -> 66 | R30: =ifna(vlookup(D30,'S3'!$1:$1311,2,False),0) -> 89 | T30: 18 | U30: 22 | V30: 72 | W30: 40 | X30: 82 | AA30: 100 | AB30: 100 | AC30: 80 | AD30: 100 | AE30: 76 | AG30: 78 | AK30: =IF(H30>=$H$4, IF(I30>=$I$4, IF(J30>=$J$4, IF(K30>=$K$4, 4, 3), 2), 1), 0) -> 4 | AL30: =IF(L30>=$L$4, IF(M30>=$M$4, IF(N30>=$N$4, IF(O30>=$O$4, 4, 3), 2), 1), 0) -> 3 | AM30: =IF(AND(U30>=$U$4, W30>=$W$4, Y30>=$Y$4, Z30<>"", Z30>=$Z$4), 5, IF(AND(U30>=$U$4, W30>=$W$4, Y30>=$Y$4), 4, IF(AND(U30>=$U$4, W30>=$W$4), 3, IF(AND(T30>=$T$4, U30>=$U$4), 2, 0 ) ) ) ) -> 2 | AN30: =IF(AB30>=$AB$4, IF(OR(AC30>=$AC$4, AD30>=$AD$4), IF(AND(AE30>=$AE$4, AF30>=$AF$4, OR(AG30>=$AG$4, AH30>=$AH$4)), "4", IF(OR(AE30>=$AE$4, AF30>=$AF$4), "3.5", "3")), "2"), "0") -> 3.5 | AO30: =IF(P30>=$P$4, IF(Q30>=$Q$4, IF(R30>=$R$4, IF(S30>=$S$4,4,3), 2), 1), 0) -> 3
A31: 26 | B31: akri23cs@cmrit.ac.in | C31: AKUMALLA RITHEESHA | D31: =VLOOKUP(B31,USN!$1:$1088,2,FALSE) -> 1CR23CS027 | E31: 8885303717 | F31: CSE | H31: 87 | I31: 89 | J31: =IFNA(VLOOKUP(D31,'L3'!$1:$2060,2,False),0) -> 79 | K31: =VLOOKUP(D31,'L4'!$1:$2059,2,FALSE) -> 70 | L31: =VLOOKUP(D31,'A1 RETEST 5 DEC'!$1:$2096,2,FALSE) -> 78 | M31: =VLOOKUP(D31,'A2 RETEST 4 DEC'!$1:$2096,2,FALSE) -> 50 | N31: 50 | P31: =IFNA(VLOOKUP(D31,'S1'!$1:$1325,2,False),0) -> 83 | Q31: =IFNA(vlookup(D31,'S2'!A27:B1229,2,False),0) -> 65 | R31: =ifna(vlookup(D31,'S3'!$1:$1311,2,False),0) -> 92 | T31: 11 | U31: 22 | V31: 72 | W31: 28 | X31: 92 | AA31: 50 | AB31: 77.5 | AC31: 60 | AD31: 75 | AE31: 33 | AG31: 46 | AK31: =IF(H31>=$H$4, IF(I31>=$I$4, IF(J31>=$J$4, IF(K31>=$K$4, 4, 3), 2), 1), 0) -> 4 | AL31: =IF(L31>=$L$4, IF(M31>=$M$4, IF(N31>=$N$4, IF(O31>=$O$4, 4, 3), 2), 1), 0) -> 3 | AM31: =IF(AND(U31>=$U$4, W31>=$W$4, Y31>=$Y$4, Z31<>"", Z31>=$Z$4), 5, IF(AND(U31>=$U$4, W31>=$W$4, Y31>=$Y$4), 4, IF(AND(U31>=$U$4, W31>=$W$4), 3, IF(AND(T31>=$T$4, U31>=$U$4), 2, 0 ) ) ) ) -> 2 | AN31: =IF(AB31>=$AB$4, IF(OR(AC31>=$AC$4, AD31>=$AD$4), IF(AND(AE31>=$AE$4, AF31>=$AF$4, OR(AG31>=$AG$4, AH31>=$AH$4)), "4", IF(OR(AE31>=$AE$4, AF31>=$AF$4), "3.5", "3")), "2"), "0") -> 3 | AO31: =IF(P31>=$P$4, IF(Q31>=$Q$4, IF(R31>=$R$4, IF(S31>=$S$4,4,3), 2), 1), 0) -> 3
A32: 27 | B32: alja23cs@cmrit.ac.in | C32: ALLAMPRABHU S JANGAMASHETTI | D32: =VLOOKUP(B32,USN!$1:$1088,2,FALSE) -> 1CR23CS028 | E32: 9620590906 | F32: CSE | H32: 75 | I32: 80 | J32: =IFNA(VLOOKUP(D32,'L3'!$1:$2060,2,False),0) -> 48 | K32: =VLOOKUP(D32,'L4'!$1:$2059,2,FALSE) -> 70 | L32: =VLOOKUP(D32,'A1 RETEST 5 DEC'!$1:$2096,2,FALSE) -> 50 | M32: =VLOOKUP(D32,'A2 RETEST 4 DEC'!$1:$2096,2,FALSE) -> 50 | N32: 0 | P32: =IFNA(VLOOKUP(D32,'S1'!$1:$1325,2,False),0) -> 50 | Q32: =IFNA(vlookup(D32,'S2'!A28:B1230,2,False),0) -> 0 | R32: =ifna(vlookup(D32,'S3'!$1:$1311,2,False),0) -> 0 | T32: 18 | U32: 19 | W32: 24 | X32: 80 | AA32: 30 | AB32: 17.5 | AC32: 80 | AD32: 100 | AE32: 14 | AG32: 0 | AK32: =IF(H32>=$H$4, IF(I32>=$I$4, IF(J32>=$J$4, IF(K32>=$K$4, 4, 3), 2), 1), 0) -> 2 | AL32: =IF(L32>=$L$4, IF(M32>=$M$4, IF(N32>=$N$4, IF(O32>=$O$4, 4, 3), 2), 1), 0) -> 2 | AM32: =IF(AND(U32>=$U$4, W32>=$W$4, Y32>=$Y$4, Z32<>"", Z32>=$Z$4), 5, IF(AND(U32>=$U$4, W32>=$W$4, Y32>=$Y$4), 4, IF(AND(U32>=$U$4, W32>=$W$4), 3, IF(AND(T32>=$T$4, U32>=$U$4), 2, 0 ) ) ) ) -> 2 | AN32: =IF(AB32>=$AB$4, IF(OR(AC32>=$AC$4, AD32>=$AD$4), IF(AND(AE32>=$AE$4, AF32>=$AF$4, OR(AG32>=$AG$4, AH32>=$AH$4)), "4", IF(OR(AE32>=$AE$4, AF32>=$AF$4), "3.5", "3")), "2"), "0") -> 0 | AO32: =IF(P32>=$P$4, IF(Q32>=$Q$4, IF(R32>=$R$4, IF(S32>=$S$4,4,3), 2), 1), 0) -> 1
A33: 28 | B33: amku23cs@cmrit.ac.in | C33: Aman kumar pathak | D33: =VLOOKUP(B33,USN!$1:$1088,2,FALSE) -> 1CR23CS029 | E33: NA | F33: CSE | H33: 72 | I33: 70 | J33: =IFNA(VLOOKUP(D33,'L3'!$1:$2060,2,False),0) -> 31 | K33: =VLOOKUP(D33,'L4'!$1:$2059,2,FALSE) -> 70 | L33: =VLOOKUP(D33,'A1 RETEST 5 DEC'!$1:$2096,2,FALSE) -> 53 | M33: =VLOOKUP(D33,'A2 RETEST 4 DEC'!$1:$2096,2,FALSE) -> 15 | N33: 9 | P33: =IFNA(VLOOKUP(D33,'S1'!$1:$1325,2,False),0) -> 0 | Q33: =IFNA(vlookup(D33,'S2'!A29:B1231,2,False),0) -> 0 | R33: =ifna(vlookup(D33,'S3'!$1:$1311,2,False),0) -> 0 | T33: 19 | U33: 17 | W33: 20 | X33: 90 | AA33: 28 | AB33: 85 | AC33: 0 | AD33: 26 | AE33: 10 | AG33: 18 | AK33: =IF(H33>=$H$4, IF(I33>=$I$4, IF(J33>=$J$4, IF(K33>=$K$4, 4, 3), 2), 1), 0) -> 2 | AL33: =IF(L33>=$L$4, IF(M33>=$M$4, IF(N33>=$N$4, IF(O33>=$O$4, 4, 3), 2), 1), 0) -> 1 | AM33: =IF(AND(U33>=$U$4, W33>=$W$4, Y33>=$Y$4, Z33<>"", Z33>=$Z$4), 5, IF(AND(U33>=$U$4, W33>=$W$4, Y33>=$Y$4), 4, IF(AND(U33>=$U$4, W33>=$W$4), 3, IF(AND(T33>=$T$4, U33>=$U$4), 2, 0 ) ) ) ) -> 2 | AN33: =IF(AB33>=$AB$4, IF(OR(AC33>=$AC$4, AD33>=$AD$4), IF(AND(AE33>=$AE$4, AF33>=$AF$4, OR(AG33>=$AG$4, AH33>=$AH$4)), "4", IF(OR(AE33>=$AE$4, AF33>=$AF$4), "3.5", "3")), "2"), "0") -> 2 | AO33: =IF(P33>=$P$4, IF(Q33>=$Q$4, IF(R33>=$R$4, IF(S33>=$S$4,4,3), 2), 1), 0) -> 0
A34: 29 | B34: anki23cs@cmrit.ac.in | C34: ANAND KISHOR | D34: =VLOOKUP(B34,USN!$1:$1088,2,FALSE) -> 1CR23CS030 | E34: 9546969009 | F34: CSE | H34: 85 | I34: 79 | J34: =IFNA(VLOOKUP(D34,'L3'!$1:$2060,2,False),0) -> 61 | K34: =VLOOKUP(D34,'L4'!$1:$2059,2,FALSE) -> 70 | L34: =VLOOKUP(D34,'A1 RETEST 5 DEC'!$1:$2096,2,FALSE) -> 68 | M34: =VLOOKUP(D34,'A2 RETEST 4 DEC'!$1:$2096,2,FALSE) -> 53 | N34: 0 | P34: =IFNA(VLOOKUP(D34,'S1'!$1:$1325,2,False),0) -> 50 | Q34: =IFNA(vlookup(D34,'S2'!A30:B1232,2,False),0) -> 68 | R34: =ifna(vlookup(D34,'S3'!$1:$1311,2,False),0) -> 50 | T34: 10 | U34: 18 | V34: 64 | AA34: 50 | AB34: 75 | AC34: 0 | AD34: 4 | AE34: 10 | AG34: 0 | AK34: =IF(H34>=$H$4, IF(I34>=$I$4, IF(J34>=$J$4, IF(K34>=$K$4, 4, 3), 2), 1), 0) -> 2 | AL34: =IF(L34>=$L$4, IF(M34>=$M$4, IF(N34>=$N$4, IF(O34>=$O$4, 4, 3), 2), 1), 0) -> 2 | AM34: =IF(AND(U34>=$U$4, W34>=$W$4, Y34>=$Y$4, Z34<>"", Z34>=$Z$4), 5, IF(AND(U34>=$U$4, W34>=$W$4, Y34>=$Y$4), 4, IF(AND(U34>=$U$4, W34>=$W$4), 3, IF(AND(T34>=$T$4, U34>=$U$4), 2, 0 ) ) ) ) -> 2 | AN34: =IF(AB34>=$AB$4, IF(OR(AC34>=$AC$4, AD34>=$AD$4), IF(AND(AE34>=$AE$4, AF34>=$AF$4, OR(AG34>=$AG$4, AH34>=$AH$4)), "4", IF(OR(AE34>=$AE$4, AF34>=$AF$4), "3.5", "3")), "2"), "0") -> 2 | AO34: =IF(P34>=$P$4, IF(Q34>=$Q$4, IF(R34>=$R$4, IF(S34>=$S$4,4,3), 2), 1), 0) -> 3
A35: 30 | B35: anku23cs@cmrit.ac.in | C35: ANANYA KULKARNI | D35: =VLOOKUP(B35,USN!$1:$1088,2,FALSE) -> 1CR23CS031 | E35: 9148696928 | F35: CSE | H35: 88 | I35: 94 | J35: =IFNA(VLOOKUP(D35,'L3'!$1:$2060,2,False),0) -> 89 | K35: =VLOOKUP(D35,'L4'!$1:$2059,2,FALSE) -> 78 | L35: =VLOOKUP(D35,'A1 RETEST 5 DEC'!$1:$2096,2,FALSE) -> 44 | M35: =VLOOKUP(D35,'A2 RETEST 4 DEC'!$1:$2096,2,FALSE) -> 14 | N35: 12 | P35: =IFNA(VLOOKUP(D35,'S1'!$1:$1325,2,False),0) -> 76 | Q35: =IFNA(vlookup(D35,'S2'!A31:B1233,2,False),0) -> 73 | R35: =ifna(vlookup(D35,'S3'!$1:$1311,2,False),0) -> 0 | T35: 12 | U35: 19 | W35: 52 | X35: 50 | AA35: 70 | AB35: 92.5 | AC35: 15 | AD35: 0 | AE35: 10 | AG35: 5 | AK35: =IF(H35>=$H$4, IF(I35>=$I$4, IF(J35>=$J$4, IF(K35>=$K$4, 4, 3), 2), 1), 0) -> 4 | AL35: =IF(L35>=$L$4, IF(M35>=$M$4, IF(N35>=$N$4, IF(O35>=$O$4, 4, 3), 2), 1), 0) -> 0 | AM35: =IF(AND(U35>=$U$4, W35>=$W$4, Y35>=$Y$4, Z35<>"", Z35>=$Z$4), 5, IF(AND(U35>=$U$4, W35>=$W$4, Y35>=$Y$4), 4, IF(AND(U35>=$U$4, W35>=$W$4), 3, IF(AND(T35>=$T$4, U35>=$U$4), 2, 0 ) ) ) ) -> 3 | AN35: =IF(AB35>=$AB$4, IF(OR(AC35>=$AC$4, AD35>=$AD$4), IF(AND(AE35>=$AE$4, AF35>=$AF$4, OR(AG35>=$AG$4, AH35>=$AH$4)), "4", IF(OR(AE35>=$AE$4, AF35>=$AF$4), "3.5", "3")), "2"), "0") -> 2 | AO35: =IF(P35>=$P$4, IF(Q35>=$Q$4, IF(R35>=$R$4, IF(S35>=$S$4,4,3), 2), 1), 0) -> 2
A36: 31 | B36: anvi23cs@cmrit.ac.in | C36: ANANYA VIJETHA | D36: =VLOOKUP(B36,USN!$1:$1088,2,FALSE) -> 1CR23CS032 | E36: 9986266664 | F36: CSE | H36: 88 | I36: 89 | J36: =IFNA(VLOOKUP(D36,'L3'!$1:$2060,2,False),0) -> 80 | K36: =VLOOKUP(D36,'L4'!$1:$2059,2,FALSE) -> 82 | L36: =VLOOKUP(D36,'A1 RETEST 5 DEC'!$1:$2096,2,FALSE) -> 57 | M36: =VLOOKUP(D36,'A2 RETEST 4 DEC'!$1:$2096,2,FALSE) -> 17 | N36: 50 | P36: =IFNA(VLOOKUP(D36,'S1'!$1:$1325,2,False),0) -> 74 | Q36: =IFNA(vlookup(D36,'S2'!A32:B1234,2,False),0) -> 90 | R36: =ifna(vlookup(D36,'S3'!$1:$1311,2,False),0) -> 96 | T36: 14 | U36: 18 | V36: 52 | W36: 44 | X36: 84 | AA36: 90 | AB36: 100 | AC36: 83.5 | AD36: 100 | AE36: 88 | AG36: 61 | AK36: =IF(H36>=$H$4, IF(I36>=$I$4, IF(J36>=$J$4, IF(K36>=$K$4, 4, 3), 2), 1), 0) -> 4 | AL36: =IF(L36>=$L$4, IF(M36>=$M$4, IF(N36>=$N$4, IF(O36>=$O$4, 4, 3), 2), 1), 0) -> 1 | AM36: =IF(AND(U36>=$U$4, W36>=$W$4, Y36>=$Y$4, Z36<>"", Z36>=$Z$4), 5, IF(AND(U36>=$U$4, W36>=$W$4, Y36>=$Y$4), 4, IF(AND(U36>=$U$4, W36>=$W$4), 3, IF(AND(T36>=$T$4, U36>=$U$4), 2, 0 ) ) ) ) -> 2 | AN36: =IF(AB36>=$AB$4, IF(OR(AC36>=$AC$4, AD36>=$AD$4), IF(AND(AE36>=$AE$4, AF36>=$AF$4, OR(AG36>=$AG$4, AH36>=$AH$4)), "4", IF(OR(AE36>=$AE$4, AF36>=$AF$4), "3.5", "3")), "2"), "0") -> 3.5 | AO36: =IF(P36>=$P$4, IF(Q36>=$Q$4, IF(R36>=$R$4, IF(S36>=$S$4,4,3), 2), 1), 0) -> 3
A37: 32 | B37: anch23cs@cmrit.ac.in | C37: ANASUYA CHAKRABORTY | D37: =VLOOKUP(B37,USN!$1:$1088,2,FALSE) -> 1CR23CS033 | E37: 6362495768 | F37: CSE | H37: 80 | I37: 85 | J37: =IFNA(VLOOKUP(D37,'L3'!$1:$2060,2,False),0) -> 83 | K37: =VLOOKUP(D37,'L4'!$1:$2059,2,FALSE) -> 78 | L37: =VLOOKUP(D37,'A1 RETEST 5 DEC'!$1:$2096,2,FALSE) -> 52 | M37: =VLOOKUP(D37,'A2 RETEST 4 DEC'!$1:$2096,2,FALSE) -> 23 | N37: 27 | P37: =IFNA(VLOOKUP(D37,'S1'!$1:$1325,2,False),0) -> 87 | Q37: =IFNA(vlookup(D37,'S2'!A33:B1235,2,False),0) -> 90 | R37: =ifna(vlookup(D37,'S3'!$1:$1311,2,False),0) -> 96 | T37: 13 | U37: 20 | V37: 75 | W37: 32 | X37: 82 | AA37: 85 | AB37: 90 | AC37: 84 | AD37: 100 | AE37: 71 | AG37: 70 | AK37: =IF(H37>=$H$4, IF(I37>=$I$4, IF(J37>=$J$4, IF(K37>=$K$4, 4, 3), 2), 1), 0) -> 4 | AL37: =IF(L37>=$L$4, IF(M37>=$M$4, IF(N37>=$N$4, IF(O37>=$O$4, 4, 3), 2), 1), 0) -> 1 | AM37: =IF(AND(U37>=$U$4, W37>=$W$4, Y37>=$Y$4, Z37<>"", Z37>=$Z$4), 5, IF(AND(U37>=$U$4, W37>=$W$4, Y37>=$Y$4), 4, IF(AND(U37>=$U$4, W37>=$W$4), 3, IF(AND(T37>=$T$4, U37>=$U$4), 2, 0 ) ) ) ) -> 2 | AN37: =IF(AB37>=$AB$4, IF(OR(AC37>=$AC$4, AD37>=$AD$4), IF(AND(AE37>=$AE$4, AF37>=$AF$4, OR(AG37>=$AG$4, AH37>=$AH$4)), "4", IF(OR(AE37>=$AE$4, AF37>=$AF$4), "3.5", "3")), "2"), "0") -> 3.5 | AO37: =IF(P37>=$P$4, IF(Q37>=$Q$4, IF(R37>=$R$4, IF(S37>=$S$4,4,3), 2), 1), 0) -> 3
A38: 33 | B38: anho23cs@cmrit.ac.in | C38: ANIRUDDHA S HOLLA | D38: =VLOOKUP(B38,USN!$1:$1088,2,FALSE) -> 1CR23CS034 | E38: 7619415579 | F38: CSE | H38: 86 | I38: 86 | J38: =IFNA(VLOOKUP(D38,'L3'!$1:$2060,2,False),0) -> 80 | K38: =VLOOKUP(D38,'L4'!$1:$2059,2,FALSE) -> 70 | L38: =VLOOKUP(D38,'A1 RETEST 5 DEC'!$1:$2096,2,FALSE) -> 62 | M38: =VLOOKUP(D38,'A2 RETEST 4 DEC'!$1:$2096,2,FALSE) -> 50 | N38: 61 | P38: =IFNA(VLOOKUP(D38,'S1'!$1:$1325,2,False),0) -> 50 | Q38: =IFNA(vlookup(D38,'S2'!A34:B1236,2,False),0) -> 65 | R38: =ifna(vlookup(D38,'S3'!$1:$1311,2,False),0) -> 75 | T38: 15 | U38: 18 | V38: 56 | W38: 44 | X38: 84 | AA38: 82 | AB38: 96.25 | AC38: 100 | AD38: 100 | AE38: 70 | AG38: 27 | AK38: =IF(H38>=$H$4, IF(I38>=$I$4, IF(J38>=$J$4, IF(K38>=$K$4, 4, 3), 2), 1), 0) -> 4 | AL38: =IF(L38>=$L$4, IF(M38>=$M$4, IF(N38>=$N$4, IF(O38>=$O$4, 4, 3), 2), 1), 0) -> 3 | AM38: =IF(AND(U38>=$U$4, W38>=$W$4, Y38>=$Y$4, Z38<>"", Z38>=$Z$4), 5, IF(AND(U38>=$U$4, W38>=$W$4, Y38>=$Y$4), 4, IF(AND(U38>=$U$4, W38>=$W$4), 3, IF(AND(T38>=$T$4, U38>=$U$4), 2, 0 ) ) ) ) -> 2 | AN38: =IF(AB38>=$AB$4, IF(OR(AC38>=$AC$4, AD38>=$AD$4), IF(AND(AE38>=$AE$4, AF38>=$AF$4, OR(AG38>=$AG$4, AH38>=$AH$4)), "4", IF(OR(AE38>=$AE$4, AF38>=$AF$4), "3.5", "3")), "2"), "0") -> 3.5 | AO38: =IF(P38>=$P$4, IF(Q38>=$Q$4, IF(R38>=$R$4, IF(S38>=$S$4,4,3), 2), 1), 0) -> 3
A39: 34 | B39: ankr23cs@cmrit.ac.in | C39: Ankitha K R | D39: =VLOOKUP(B39,USN!$1:$1088,2,FALSE) -> 1CR23CS035 | E39: 8792061225 | F39: CSE | H39: 87 | I39: 85 | J39: =IFNA(VLOOKUP(D39,'L3'!$1:$2060,2,False),0) -> 70 | K39: =VLOOKUP(D39,'L4'!$1:$2059,2,FALSE) -> 70 | L39: =VLOOKUP(D39,'A1 RETEST 5 DEC'!$1:$2096,2,FALSE) -> 50 | M39: =VLOOKUP(D39,'A2 RETEST 4 DEC'!$1:$2096,2,FALSE) -> 17 | N39: 50 | P39: =IFNA(VLOOKUP(D39,'S1'!$1:$1325,2,False),0) -> 76 | Q39: =IFNA(vlookup(D39,'S2'!A35:B1237,2,False),0) -> 66 | R39: =ifna(vlookup(D39,'S3'!$1:$1311,2,False),0) -> 85 | T39: 10 | U39: 23 | V39: 64 | W39: 52 | X39: 86 | AA39: 80 | AB39: 91.25 | AC39: 60 | AD39: 100 | AE39: 70 | AG39: 71 | AK39: =IF(H39>=$H$4, IF(I39>=$I$4, IF(J39>=$J$4, IF(K39>=$K$4, 4, 3), 2), 1), 0) -> 4 | AL39: =IF(L39>=$L$4, IF(M39>=$M$4, IF(N39>=$N$4, IF(O39>=$O$4, 4, 3), 2), 1), 0) -> 1 | AM39: =IF(AND(U39>=$U$4, W39>=$W$4, Y39>=$Y$4, Z39<>"", Z39>=$Z$4), 5, IF(AND(U39>=$U$4, W39>=$W$4, Y39>=$Y$4), 4, IF(AND(U39>=$U$4, W39>=$W$4), 3, IF(AND(T39>=$T$4, U39>=$U$4), 2, 0 ) ) ) ) -> 3 | AN39: =IF(AB39>=$AB$4, IF(OR(AC39>=$AC$4, AD39>=$AD$4), IF(AND(AE39>=$AE$4, AF39>=$AF$4, OR(AG39>=$AG$4, AH39>=$AH$4)), "4", IF(OR(AE39>=$AE$4, AF39>=$AF$4), "3.5", "3")), "2"), "0") -> 3.5 | AO39: =IF(P39>=$P$4, IF(Q39>=$Q$4, IF(R39>=$R$4, IF(S39>=$S$4,4,3), 2), 1), 0) -> 3
A40: 35 | B40: ansu23cs@cmrit.ac.in | C40: ANSHIKA SUPRIYA | D40: =VLOOKUP(B40,USN!$1:$1088,2,FALSE) -> 1CR23CS036 | E40: 8210060969 | F40: CSE | H40: 86 | I40: 88 | J40: =IFNA(VLOOKUP(D40,'L3'!$1:$2060,2,False),0) -> 70 | K40: =VLOOKUP(D40,'L4'!$1:$2059,2,FALSE) -> 70 | L40: =VLOOKUP(D40,'A1 RETEST 5 DEC'!$1:$2096,2,FALSE) -> 83 | M40: =VLOOKUP(D40,'A2 RETEST 4 DEC'!$1:$2096,2,FALSE) -> 50 | N40: 53 | P40: =IFNA(VLOOKUP(D40,'S1'!$1:$1325,2,False),0) -> 82 | Q40: =IFNA(vlookup(D40,'S2'!A36:B1238,2,False),0) -> 63 | R40: =ifna(vlookup(D40,'S3'!$1:$1311,2,False),0) -> 88 | T40: 11 | U40: 19 | V40: 72 | W40: 52 | X40: 86 | AA40: 100 | AB40: 100 | AC40: 84 | AD40: 60 | AE40: 80 | AG40: 70 | AK40: =IF(H40>=$H$4, IF(I40>=$I$4, IF(J40>=$J$4, IF(K40>=$K$4, 4, 3), 2), 1), 0) -> 4 | AL40: =IF(L40>=$L$4, IF(M40>=$M$4, IF(N40>=$N$4, IF(O40>=$O$4, 4, 3), 2), 1), 0) -> 3 | AM40: =IF(AND(U40>=$U$4, W40>=$W$4, Y40>=$Y$4, Z40<>"", Z40>=$Z$4), 5, IF(AND(U40>=$U$4, W40>=$W$4, Y40>=$Y$4), 4, IF(AND(U40>=$U$4, W40>=$W$4), 3, IF(AND(T40>=$T$4, U40>=$U$4), 2, 0 ) ) ) ) -> 3 | AN40: =IF(AB40>=$AB$4, IF(OR(AC40>=$AC$4, AD40>=$AD$4), IF(AND(AE40>=$AE$4, AF40>=$AF$4, OR(AG40>=$AG$4, AH40>=$AH$4)), "4", IF(OR(AE40>=$AE$4, AF40>=$AF$4), "3.5", "3")), "2"), "0") -> 3.5 | AO40: =IF(P40>=$P$4, IF(Q40>=$Q$4, IF(R40>=$R$4, IF(S40>=$S$4,4,3), 2), 1), 0) -> 3
A41: 36 | B41: ansi23cs@cmrit.ac.in | C41: ANURAG SINGH | D41: =VLOOKUP(B41,USN!$1:$1088,2,FALSE) -> 1CR23CS037 | E41: 9986689394 | F41: CSE | H41: 80 | I41: 86 | J41: =IFNA(VLOOKUP(D41,'L3'!$1:$2060,2,False),0) -> 78 | K41: =VLOOKUP(D41,'L4'!$1:$2059,2,FALSE) -> 79 | L41: =VLOOKUP(D41,'A1 RETEST 5 DEC'!$1:$2096,2,FALSE) -> 50 | M41: =VLOOKUP(D41,'A2 RETEST 4 DEC'!$1:$2096,2,FALSE) -> 50 | N41: 66 | P41: =IFNA(VLOOKUP(D41,'S1'!$1:$1325,2,False),0) -> 77 | Q41: =IFNA(vlookup(D41,'S2'!A37:B1239,2,False),0) -> 65 | R41: =ifna(vlookup(D41,'S3'!$1:$1311,2,False),0) -> 88 | T41: 22 | U41: 18 | V41: 84 | W41: 36 | X41: 86 | AA41: 97.6 | AB41: 99.25 | AC41: 95 | AD41: 88 | AE41: 92 | AG41: 37 | AK41: =IF(H41>=$H$4, IF(I41>=$I$4, IF(J41>=$J$4, IF(K41>=$K$4, 4, 3), 2), 1), 0) -> 4 | AL41: =IF(L41>=$L$4, IF(M41>=$M$4, IF(N41>=$N$4, IF(O41>=$O$4, 4, 3), 2), 1), 0) -> 3 | AM41: =IF(AND(U41>=$U$4, W41>=$W$4, Y41>=$Y$4, Z41<>"", Z41>=$Z$4), 5, IF(AND(U41>=$U$4, W41>=$W$4, Y41>=$Y$4), 4, IF(AND(U41>=$U$4, W41>=$W$4), 3, IF(AND(T41>=$T$4, U41>=$U$4), 2, 0 ) ) ) ) -> 2 | AN41: =IF(AB41>=$AB$4, IF(OR(AC41>=$AC$4, AD41>=$AD$4), IF(AND(AE41>=$AE$4, AF41>=$AF$4, OR(AG41>=$AG$4, AH41>=$AH$4)), "4", IF(OR(AE41>=$AE$4, AF41>=$AF$4), "3.5", "3")), "2"), "0") -> 3.5 | AO41: =IF(P41>=$P$4, IF(Q41>=$Q$4, IF(R41>=$R$4, IF(S41>=$S$4,4,3), 2), 1), 0) -> 3
A42: 37 | B42: as23cs@cmrit.ac.in | C42: Ashutosh Karki | D42: =VLOOKUP(B42,USN!$1:$1088,2,FALSE) -> 1CR23CS039 | E42: 8105435120 | F42: CSE | H42: 77 | I42: 77 | J42: =IFNA(VLOOKUP(D42,'L3'!$1:$2060,2,False),0) -> 3 | K42: =VLOOKUP(D42,'L4'!$1:$2059,2,FALSE) -> 6 | L42: =VLOOKUP(D42,'A1 RETEST 5 DEC'!$1:$2096,2,FALSE) -> 20 | M42: =VLOOKUP(D42,'A2 RETEST 4 DEC'!$1:$2096,2,FALSE) -> 0 | N42: 0 | P42: =IFNA(VLOOKUP(D42,'S1'!$1:$1325,2,False),0) -> 0 | Q42: =IFNA(vlookup(D42,'S2'!A38:B1240,2,False),0) -> 0 | R42: =ifna(vlookup(D42,'S3'!$1:$1311,2,False),0) -> 0 | T42: 20 | U42: 20 | AA42: 0 | AB42: 78.75 | AC42: 0 | AD42: 0 | AE42: 10 | AG42: 0 | AK42: =IF(H42>=$H$4, IF(I42>=$I$4, IF(J42>=$J$4, IF(K42>=$K$4, 4, 3), 2), 1), 0) -> 2 | AL42: =IF(L42>=$L$4, IF(M42>=$M$4, IF(N42>=$N$4, IF(O42>=$O$4, 4, 3), 2), 1), 0) -> 0 | AM42: =IF(AND(U42>=$U$4, W42>=$W$4, Y42>=$Y$4, Z42<>"", Z42>=$Z$4), 5, IF(AND(U42>=$U$4, W42>=$W$4, Y42>=$Y$4), 4, IF(AND(U42>=$U$4, W42>=$W$4), 3, IF(AND(T42>=$T$4, U42>=$U$4), 2, 0 ) ) ) ) -> 2 | AN42: =IF(AB42>=$AB$4, IF(OR(AC42>=$AC$4, AD42>=$AD$4), IF(AND(AE42>=$AE$4, AF42>=$AF$4, OR(AG42>=$AG$4, AH42>=$AH$4)), "4", IF(OR(AE42>=$AE$4, AF42>=$AF$4), "3.5", "3")), "2"), "0") -> 2 | AO42: =IF(P42>=$P$4, IF(Q42>=$Q$4, IF(R42>=$R$4, IF(S42>=$S$4,4,3), 2), 1), 0) -> 0
A43: 38 | B43: aywa23cs@cmrit.ac.in | C43: AYAN JAVEED WATT | D43: =VLOOKUP(B43,USN!$1:$1088,2,FALSE) -> 1CR23CS040 | E43: 7676603265 | F43: CSE | H43: 76 | I43: 67 | J43: =IFNA(VLOOKUP(D43,'L3'!$1:$2060,2,False),0) -> 47 | K43: =VLOOKUP(D43,'L4'!$1:$2059,2,FALSE) -> 40 | L43: =VLOOKUP(D43,'A1 RETEST 5 DEC'!$1:$2096,2,FALSE) -> 50 | M43: =VLOOKUP(D43,'A2 RETEST 4 DEC'!$1:$2096,2,FALSE) -> 26 | N43: 0 | P43: =IFNA(VLOOKUP(D43,'S1'!$1:$1325,2,False),0) -> 0 | Q43: =IFNA(vlookup(D43,'S2'!A39:B1241,2,False),0) -> 50 | R43: =ifna(vlookup(D43,'S3'!$1:$1311,2,False),0) -> 0 | T43: 20 | U43: 16 | V43: 76 | W43: 36 | AA43: 0 | AB43: 65 | AC43: 21 | AD43: 100 | AE43: 15 | AG43: 0 | AK43: =IF(H43>=$H$4, IF(I43>=$I$4, IF(J43>=$J$4, IF(K43>=$K$4, 4, 3), 2), 1), 0) -> 2 | AL43: =IF(L43>=$L$4, IF(M43>=$M$4, IF(N43>=$N$4, IF(O43>=$O$4, 4, 3), 2), 1), 0) -> 1 | AM43: =IF(AND(U43>=$U$4, W43>=$W$4, Y43>=$Y$4, Z43<>"", Z43>=$Z$4), 5, IF(AND(U43>=$U$4, W43>=$W$4, Y43>=$Y$4), 4, IF(AND(U43>=$U$4, W43>=$W$4), 3, IF(AND(T43>=$T$4, U43>=$U$4), 2, 0 ) ) ) ) -> 2 | AN43: =IF(AB43>=$AB$4, IF(OR(AC43>=$AC$4, AD43>=$AD$4), IF(AND(AE43>=$AE$4, AF43>=$AF$4, OR(AG43>=$AG$4, AH43>=$AH$4)), "4", IF(OR(AE43>=$AE$4, AF43>=$AF$4), "3.5", "3")), "2"), "0") -> 3 | AO43: =IF(P43>=$P$4, IF(Q43>=$Q$4, IF(R43>=$R$4, IF(S43>=$S$4,4,3), 2), 1), 0) -> 0
A44: 39 | B44: bkra23cs@cmrit.ac.in | C44: B K RAKSHITA | D44: =VLOOKUP(B44,USN!$1:$1088,2,FALSE) -> 1CR23CS041 | E44: 9113031549 | F44: CSE | H44: 82 | I44: 93 | J44: =IFNA(VLOOKUP(D44,'L3'!$1:$2060,2,False),0) -> 82 | K44: =VLOOKUP(D44,'L4'!$1:$2059,2,FALSE) -> 81 | L44: =VLOOKUP(D44,'A1 RETEST 5 DEC'!$1:$2096,2,FALSE) -> 64 | M44: =VLOOKUP(D44,'A2 RETEST 4 DEC'!$1:$2096,2,FALSE) -> 23 | N44: 50 | P44: =IFNA(VLOOKUP(D44,'S1'!$1:$1325,2,False),0) -> 76 | Q44: =IFNA(vlookup(D44,'S2'!A40:B1242,2,False),0) -> 90 | R44: =ifna(vlookup(D44,'S3'!$1:$1311,2,False),0) -> 93 | T44: 14 | U44: 14 | V44: 60 | W44: 52 | X44: 66 | AA44: 93.4 | AB44: 100 | AC44: 98 | AD44: 60 | AE44: 90 | AG44: 70 | AK44: =IF(H44>=$H$4, IF(I44>=$I$4, IF(J44>=$J$4, IF(K44>=$K$4, 4, 3), 2), 1), 0) -> 4 | AL44: =IF(L44>=$L$4, IF(M44>=$M$4, IF(N44>=$N$4, IF(O44>=$O$4, 4, 3), 2), 1), 0) -> 1 | AM44: =IF(AND(U44>=$U$4, W44>=$W$4, Y44>=$Y$4, Z44<>"", Z44>=$Z$4), 5, IF(AND(U44>=$U$4, W44>=$W$4, Y44>=$Y$4), 4, IF(AND(U44>=$U$4, W44>=$W$4), 3, IF(AND(T44>=$T$4, U44>=$U$4), 2, 0 ) ) ) ) -> 3 | AN44: =IF(AB44>=$AB$4, IF(OR(AC44>=$AC$4, AD44>=$AD$4), IF(AND(AE44>=$AE$4, AF44>=$AF$4, OR(AG44>=$AG$4, AH44>=$AH$4)), "4", IF(OR(AE44>=$AE$4, AF44>=$AF$4), "3.5", "3")), "2"), "0") -> 3.5 | AO44: =IF(P44>=$P$4, IF(Q44>=$Q$4, IF(R44>=$R$4, IF(S44>=$S$4,4,3), 2), 1), 0) -> 3
A45: 40 | B45: bka23cs@cmrit.ac.in | C45: B Karna | D45: =VLOOKUP(B45,USN!$1:$1088,2,FALSE) -> 1CR23CS042 | E45: 9866290733 | F45: CSE | H45: 78 | I45: 72 | J45: =IFNA(VLOOKUP(D45,'L3'!$1:$2060,2,False),0) -> 70 | K45: =VLOOKUP(D45,'L4'!$1:$2059,2,FALSE) -> 76 | L45: =VLOOKUP(D45,'A1 RETEST 5 DEC'!$1:$2096,2,FALSE) -> 50 | M45: =VLOOKUP(D45,'A2 RETEST 4 DEC'!$1:$2096,2,FALSE) -> 20 | N45: 50 | P45: =IFNA(VLOOKUP(D45,'S1'!$1:$1325,2,False),0) -> 50 | Q45: =IFNA(vlookup(D45,'S2'!A41:B1243,2,False),0) -> 65 | R45: =ifna(vlookup(D45,'S3'!$1:$1311,2,False),0) -> 67 | T45: 12 | U45: 20 | V45: 64 | W45: 60 | X45: 90 | AA45: 100 | AB45: 72 | AC45: 60 | AD45: 100 | AE45: 100 | AG45: 70 | AK45: =IF(H45>=$H$4, IF(I45>=$I$4, IF(J45>=$J$4, IF(K45>=$K$4, 4, 3), 2), 1), 0) -> 4 | AL45: =IF(L45>=$L$4, IF(M45>=$M$4, IF(N45>=$N$4, IF(O45>=$O$4, 4, 3), 2), 1), 0) -> 1 | AM45: =IF(AND(U45>=$U$4, W45>=$W$4, Y45>=$Y$4, Z45<>"", Z45>=$Z$4), 5, IF(AND(U45>=$U$4, W45>=$W$4, Y45>=$Y$4), 4, IF(AND(U45>=$U$4, W45>=$W$4), 3, IF(AND(T45>=$T$4, U45>=$U$4), 2, 0 ) ) ) ) -> 3 | AN45: =IF(AB45>=$AB$4, IF(OR(AC45>=$AC$4, AD45>=$AD$4), IF(AND(AE45>=$AE$4, AF45>=$AF$4, OR(AG45>=$AG$4, AH45>=$AH$4)), "4", IF(OR(AE45>=$AE$4, AF45>=$AF$4), "3.5", "3")), "2"), "0") -> 3.5 | AO45: =IF(P45>=$P$4, IF(Q45>=$Q$4, IF(R45>=$R$4, IF(S45>=$S$4,4,3), 2), 1), 0) -> 3
A46: 41 | B46: bama23cs@cmrit.ac.in | C46: BACHU MAHITA | D46: =VLOOKUP(B46,USN!$1:$1088,2,FALSE) -> 1CR23CS043 | E46: 8073380510 | F46: CSE | H46: 88 | I46: 88 | J46: =IFNA(VLOOKUP(D46,'L3'!$1:$2060,2,False),0) -> 86 | K46: =VLOOKUP(D46,'L4'!$1:$2059,2,FALSE) -> 88 | L46: =VLOOKUP(D46,'A1 RETEST 5 DEC'!$1:$2096,2,FALSE) -> 60 | M46: =VLOOKUP(D46,'A2 RETEST 4 DEC'!$1:$2096,2,FALSE) -> 14 | N46: 50 | P46: =IFNA(VLOOKUP(D46,'S1'!$1:$1325,2,False),0) -> 87 | Q46: =IFNA(vlookup(D46,'S2'!A42:B1244,2,False),0) -> 90 | R46: =ifna(vlookup(D46,'S3'!$1:$1311,2,False),0) -> 94 | T46: 12 | U46: 20 | V46: 56 | W46: 56 | X46: 86 | AA46: 86 | AB46: 92.5 | AC46: 64 | AD46: 100 | AE46: 76 | AG46: 71 | AK46: =IF(H46>=$H$4, IF(I46>=$I$4, IF(J46>=$J$4, IF(K46>=$K$4, 4, 3), 2), 1), 0) -> 4 | AL46: =IF(L46>=$L$4, IF(M46>=$M$4, IF(N46>=$N$4, IF(O46>=$O$4, 4, 3), 2), 1), 0) -> 1 | AM46: =IF(AND(U46>=$U$4, W46>=$W$4, Y46>=$Y$4, Z46<>"", Z46>=$Z$4), 5, IF(AND(U46>=$U$4, W46>=$W$4, Y46>=$Y$4), 4, IF(AND(U46>=$U$4, W46>=$W$4), 3, IF(AND(T46>=$T$4, U46>=$U$4), 2, 0 ) ) ) ) -> 3 | AN46: =IF(AB46>=$AB$4, IF(OR(AC46>=$AC$4, AD46>=$AD$4), IF(AND(AE46>=$AE$4, AF46>=$AF$4, OR(AG46>=$AG$4, AH46>=$AH$4)), "4", IF(OR(AE46>=$AE$4, AF46>=$AF$4), "3.5", "3")), "2"), "0") -> 3.5 | AO46: =IF(P46>=$P$4, IF(Q46>=$Q$4, IF(R46>=$R$4, IF(S46>=$S$4,4,3), 2), 1), 0) -> 3
A47: 42 | B47: bhya23cs@cmrit.ac.in | C47: Bhola Yadav | D47: =VLOOKUP(B47,USN!$1:$1088,2,FALSE) -> 1CR23CS044 | E47: 9198709984 | F47: CSE | H47: 70 | I47: 71 | J47: =IFNA(VLOOKUP(D47,'L3'!$1:$2060,2,False),0) -> 70 | K47: =VLOOKUP(D47,'L4'!$1:$2059,2,FALSE) -> 70 | L47: =VLOOKUP(D47,'A1 RETEST 5 DEC'!$1:$2096,2,FALSE) -> 50 | M47: =VLOOKUP(D47,'A2 RETEST 4 DEC'!$1:$2096,2,FALSE) -> 13 | N47: 4 | P47: =IFNA(VLOOKUP(D47,'S1'!$1:$1325,2,False),0) -> 72 | Q47: =IFNA(vlookup(D47,'S2'!A43:B1245,2,False),0) -> 50 | R47: =ifna(vlookup(D47,'S3'!$1:$1311,2,False),0) -> 88 | T47: 19 | U47: 15 | V47: 80 | W47: 32 | X47: 90 | AA47: 100 | AB47: 67.5 | AC47: 80 | AD47: 100 | AE47: 20 | AG47: 37 | AK47: =IF(H47>=$H$4, IF(I47>=$I$4, IF(J47>=$J$4, IF(K47>=$K$4, 4, 3), 2), 1), 0) -> 4 | AL47: =IF(L47>=$L$4, IF(M47>=$M$4, IF(N47>=$N$4, IF(O47>=$O$4, 4, 3), 2), 1), 0) -> 1 | AM47: =IF(AND(U47>=$U$4, W47>=$W$4, Y47>=$Y$4, Z47<>"", Z47>=$Z$4), 5, IF(AND(U47>=$U$4, W47>=$W$4, Y47>=$Y$4), 4, IF(AND(U47>=$U$4, W47>=$W$4), 3, IF(AND(T47>=$T$4, U47>=$U$4), 2, 0 ) ) ) ) -> 2 | AN47: =IF(AB47>=$AB$4, IF(OR(AC47>=$AC$4, AD47>=$AD$4), IF(AND(AE47>=$AE$4, AF47>=$AF$4, OR(AG47>=$AG$4, AH47>=$AH$4)), "4", IF(OR(AE47>=$AE$4, AF47>=$AF$4), "3.5", "3")), "2"), "0") -> 3 | AO47: =IF(P47>=$P$4, IF(Q47>=$Q$4, IF(R47>=$R$4, IF(S47>=$S$4,4,3), 2), 1), 0) -> 3
A48: 43 | B48: bide23cs@cmrit.ac.in | C48: BIKASHITA DEB | D48: =VLOOKUP(B48,USN!$1:$1088,2,FALSE) -> 1CR23CS045 | E48: 8837275757 | F48: CSE | H48: 82 | I48: 78 | J48: =IFNA(VLOOKUP(D48,'L3'!$1:$2060,2,False),0) -> 70 | K48: =VLOOKUP(D48,'L4'!$1:$2059,2,FALSE) -> 70 | L48: =VLOOKUP(D48,'A1 RETEST 5 DEC'!$1:$2096,2,FALSE) -> 52 | M48: =VLOOKUP(D48,'A2 RETEST 4 DEC'!$1:$2096,2,FALSE) -> 17 | N48: 28 | P48: =IFNA(VLOOKUP(D48,'S1'!$1:$1325,2,False),0) -> 76 | Q48: =IFNA(vlookup(D48,'S2'!A44:B1246,2,False),0) -> 73 | R48: =ifna(vlookup(D48,'S3'!$1:$1311,2,False),0) -> 65 | T48: 11 | U48: 16 | V48: 80 | W48: 40 | X48: 82 | AA48: 62 | AB48: 97.5 | AC48: 0 | AD48: 100 | AE48: 17 | AG48: 38 | AK48: =IF(H48>=$H$4, IF(I48>=$I$4, IF(J48>=$J$4, IF(K48>=$K$4, 4, 3), 2), 1), 0) -> 4 | AL48: =IF(L48>=$L$4, IF(M48>=$M$4, IF(N48>=$N$4, IF(O48>=$O$4, 4, 3), 2), 1), 0) -> 1 | AM48: =IF(AND(U48>=$U$4, W48>=$W$4, Y48>=$Y$4, Z48<>"", Z48>=$Z$4), 5, IF(AND(U48>=$U$4, W48>=$W$4, Y48>=$Y$4), 4, IF(AND(U48>=$U$4, W48>=$W$4), 3, IF(AND(T48>=$T$4, U48>=$U$4), 2, 0 ) ) ) ) -> 2 | AN48: =IF(AB48>=$AB$4, IF(OR(AC48>=$AC$4, AD48>=$AD$4), IF(AND(AE48>=$AE$4, AF48>=$AF$4, OR(AG48>=$AG$4, AH48>=$AH$4)), "4", IF(OR(AE48>=$AE$4, AF48>=$AF$4), "3.5", "3")), "2"), "0") -> 3 | AO48: =IF(P48>=$P$4, IF(Q48>=$Q$4, IF(R48>=$R$4, IF(S48>=$S$4,4,3), 2), 1), 0) -> 3
A49: 44 | B49: chs23cs@cmrit.ac.in | C49: CHANDANA S | D49: =VLOOKUP(B49,USN!$1:$1088,2,FALSE) -> 1CR23CS046 | E49: 9353765503 | F49: CSE | H49: 73 | I49: 77 | J49: =IFNA(VLOOKUP(D49,'L3'!$1:$2060,2,False),0) -> 70 | K49: =VLOOKUP(D49,'L4'!$1:$2059,2,FALSE) -> 79 | L49: =VLOOKUP(D49,'A1 RETEST 5 DEC'!$1:$2096,2,FALSE) -> 50 | M49: =VLOOKUP(D49,'A2 RETEST 4 DEC'!$1:$2096,2,FALSE) -> 16 | N49: 55 | P49: =IFNA(VLOOKUP(D49,'S1'!$1:$1325,2,False),0) -> 74 | Q49: =IFNA(vlookup(D49,'S2'!A45:B1247,2,False),0) -> 66 | R49: =ifna(vlookup(D49,'S3'!$1:$1311,2,False),0) -> 94 | T49: 20 | U49: 22 | V49: 92 | X49: 86 | AA49: 96 | AB49: 93 | AC49: 68.5 | AD49: 100 | AE49: 80 | AG49: 74 | AK49: =IF(H49>=$H$4, IF(I49>=$I$4, IF(J49>=$J$4, IF(K49>=$K$4, 4, 3), 2), 1), 0) -> 4 | AL49: =IF(L49>=$L$4, IF(M49>=$M$4, IF(N49>=$N$4, IF(O49>=$O$4, 4, 3), 2), 1), 0) -> 1 | AM49: =IF(AND(U49>=$U$4, W49>=$W$4, Y49>=$Y$4, Z49<>"", Z49>=$Z$4), 5, IF(AND(U49>=$U$4, W49>=$W$4, Y49>=$Y$4), 4, IF(AND(U49>=$U$4, W49>=$W$4), 3, IF(AND(T49>=$T$4, U49>=$U$4), 2, 0 ) ) ) ) -> 2 | AN49: =IF(AB49>=$AB$4, IF(OR(AC49>=$AC$4, AD49>=$AD$4), IF(AND(AE49>=$AE$4, AF49>=$AF$4, OR(AG49>=$AG$4, AH49>=$AH$4)), "4", IF(OR(AE49>=$AE$4, AF49>=$AF$4), "3.5", "3")), "2"), "0") -> 3.5 | AO49: =IF(P49>=$P$4, IF(Q49>=$Q$4, IF(R49>=$R$4, IF(S49>=$S$4,4,3), 2), 1), 0) -> 3
A50: 45 | B50: chr 23cs@cmrit.ac.in | C50: Charan R A | D50: =VLOOKUP(B50,USN!$1:$1088,2,FALSE) -> 1CR23CS047 | E50: 8618726599 | F50: CSE | H50: 78 | I50: 70 | J50: =IFNA(VLOOKUP(D50,'L3'!$1:$2060,2,False),0) -> 15 | K50: =VLOOKUP(D50,'L4'!$1:$2059,2,FALSE) -> 70 | L50: =VLOOKUP(D50,'A1 RETEST 5 DEC'!$1:$2096,2,FALSE) -> 20 | M50: =VLOOKUP(D50,'A2 RETEST 4 DEC'!$1:$2096,2,FALSE) -> 0 | N50: 0 | P50: =IFNA(VLOOKUP(D50,'S1'!$1:$1325,2,False),0) -> 0 | Q50: =IFNA(vlookup(D50,'S2'!A46:B1248,2,False),0) -> 0 | R50: =ifna(vlookup(D50,'S3'!$1:$1311,2,False),0) -> 0 | T50: 14 | U50: Ab | X50: 78 | AA50: 0 | AB50: 15 | AC50: 0 | AD50: 0 | AE50: 10 | AG50: 0 | AK50: =IF(H50>=$H$4, IF(I50>=$I$4, IF(J50>=$J$4, IF(K50>=$K$4, 4, 3), 2), 1), 0) -> 2 | AL50: =IF(L50>=$L$4, IF(M50>=$M$4, IF(N50>=$N$4, IF(O50>=$O$4, 4, 3), 2), 1), 0) -> 0 | AM50: =IF(AND(U50>=$U$4, W50>=$W$4, Y50>=$Y$4, Z50<>"", Z50>=$Z$4), 5, IF(AND(U50>=$U$4, W50>=$W$4, Y50>=$Y$4), 4, IF(AND(U50>=$U$4, W50>=$W$4), 3, IF(AND(T50>=$T$4, U50>=$U$4), 2, 0 ) ) ) ) -> 2 | AN50: =IF(AB50>=$AB$4, IF(OR(AC50>=$AC$4, AD50>=$AD$4), IF(AND(AE50>=$AE$4, AF50>=$AF$4, OR(AG50>=$AG$4, AH50>=$AH$4)), "4", IF(OR(AE50>=$AE$4, AF50>=$AF$4), "3.5", "3")), "2"), "0") -> 0 | AO50: =IF(P50>=$P$4, IF(Q50>=$Q$4, IF(R50>=$R$4, IF(S50>=$S$4,4,3), 2), 1), 0) -> 0
A51: 46 | B51: chta23cs@cmrit.ac.in | C51: CHINMAY TALNIKAR | D51: =VLOOKUP(B51,USN!$1:$1088,2,FALSE) -> 1CR23CS048 | E51: 9148058186 | F51: CSE | H51: 83 | I51: 82 | J51: =IFNA(VLOOKUP(D51,'L3'!$1:$2060,2,False),0) -> 73 | K51: =VLOOKUP(D51,'L4'!$1:$2059,2,FALSE) -> 70 | L51: =VLOOKUP(D51,'A1 RETEST 5 DEC'!$1:$2096,2,FALSE) -> 50 | M51: =VLOOKUP(D51,'A2 RETEST 4 DEC'!$1:$2096,2,FALSE) -> 27 | N51: 22 | P51: =IFNA(VLOOKUP(D51,'S1'!$1:$1325,2,False),0) -> 83 | Q51: =IFNA(vlookup(D51,'S2'!A47:B1249,2,False),0) -> 73 | R51: =ifna(vlookup(D51,'S3'!$1:$1311,2,False),0) -> 0 | T51: 15 | U51: 20 | V51: 36 | W51: 20 | AA51: 93 | AB51: 100 | AC51: 90 | AD51: 85 | AE51: 56 | AG51: 35 | AK51: =IF(H51>=$H$4, IF(I51>=$I$4, IF(J51>=$J$4, IF(K51>=$K$4, 4, 3), 2), 1), 0) -> 4 | AL51: =IF(L51>=$L$4, IF(M51>=$M$4, IF(N51>=$N$4, IF(O51>=$O$4, 4, 3), 2), 1), 0) -> 1 | AM51: =IF(AND(U51>=$U$4, W51>=$W$4, Y51>=$Y$4, Z51<>"", Z51>=$Z$4), 5, IF(AND(U51>=$U$4, W51>=$W$4, Y51>=$Y$4), 4, IF(AND(U51>=$U$4, W51>=$W$4), 3, IF(AND(T51>=$T$4, U51>=$U$4), 2, 0 ) ) ) ) -> 2 | AN51: =IF(AB51>=$AB$4, IF(OR(AC51>=$AC$4, AD51>=$AD$4), IF(AND(AE51>=$AE$4, AF51>=$AF$4, OR(AG51>=$AG$4, AH51>=$AH$4)), "4", IF(OR(AE51>=$AE$4, AF51>=$AF$4), "3.5", "3")), "2"), "0") -> 3 | AO51: =IF(P51>=$P$4, IF(Q51>=$Q$4, IF(R51>=$R$4, IF(S51>=$S$4,4,3), 2), 1), 0) -> 2
A52: 47 | B52: debh23cs@cmrit.ac.in | C52: DEEPAK RAVINDRA BHAT | D52: =VLOOKUP(B52,USN!$1:$1088,2,FALSE) -> 1CR23CS049 | E52: 9964489913 | F52: CSE | H52: 79 | I52: 72 | J52: =IFNA(VLOOKUP(D52,'L3'!$1:$2060,2,False),0) -> 70 | K52: =VLOOKUP(D52,'L4'!$1:$2059,2,FALSE) -> 70 | L52: =VLOOKUP(D52,'A1 RETEST 5 DEC'!$1:$2096,2,FALSE) -> 50 | M52: =VLOOKUP(D52,'A2 RETEST 4 DEC'!$1:$2096,2,FALSE) -> 50 | N52: 50 | P52: =IFNA(VLOOKUP(D52,'S1'!$1:$1325,2,False),0) -> 72 | Q52: =IFNA(vlookup(D52,'S2'!A48:B1250,2,False),0) -> 50 | R52: =ifna(vlookup(D52,'S3'!$1:$1311,2,False),0) -> 83 | T52: 12 | U52: 15 | V52: 44 | W52: 40 | X52: 86 | AA52: 84 | AB52: 73.75 | AC52: 67 | AD52: 100 | AE52: 98 | AG52: 72 | AK52: =IF(H52>=$H$4, IF(I52>=$I$4, IF(J52>=$J$4, IF(K52>=$K$4, 4, 3), 2), 1), 0) -> 4 | AL52: =IF(L52>=$L$4, IF(M52>=$M$4, IF(N52>=$N$4, IF(O52>=$O$4, 4, 3), 2), 1), 0) -> 3 | AM52: =IF(AND(U52>=$U$4, W52>=$W$4, Y52>=$Y$4, Z52<>"", Z52>=$Z$4), 5, IF(AND(U52>=$U$4, W52>=$W$4, Y52>=$Y$4), 4, IF(AND(U52>=$U$4, W52>=$W$4), 3, IF(AND(T52>=$T$4, U52>=$U$4), 2, 0 ) ) ) ) -> 2 | AN52: =IF(AB52>=$AB$4, IF(OR(AC52>=$AC$4, AD52>=$AD$4), IF(AND(AE52>=$AE$4, AF52>=$AF$4, OR(AG52>=$AG$4, AH52>=$AH$4)), "4", IF(OR(AE52>=$AE$4, AF52>=$AF$4), "3.5", "3")), "2"), "0") -> 3.5 | AO52: =IF(P52>=$P$4, IF(Q52>=$Q$4, IF(R52>=$R$4, IF(S52>=$S$4,4,3), 2), 1), 0) -> 3
A53: 48 | B53: dedu23cs@cmrit.ac.in | C53: DEEPTANSHU DUTTA | D53: =VLOOKUP(B53,USN!$1:$1088,2,FALSE) -> 1CR23CS050 | E53: 9064208721 | F53: CSE | H53: 81 | I53: 85 | J53: =IFNA(VLOOKUP(D53,'L3'!$1:$2060,2,False),0) -> 54 | K53: =VLOOKUP(D53,'L4'!$1:$2059,2,FALSE) -> 70 | L53: =VLOOKUP(D53,'A1 RETEST 5 DEC'!$1:$2096,2,FALSE) -> 10 | M53: =VLOOKUP(D53,'A2 RETEST 4 DEC'!$1:$2096,2,FALSE) -> 27 | N53: 25 | P53: =IFNA(VLOOKUP(D53,'S1'!$1:$1325,2,False),0) -> 50 | Q53: =IFNA(vlookup(D53,'S2'!A49:B1251,2,False),0) -> 50 | R53: =ifna(vlookup(D53,'S3'!$1:$1311,2,False),0) -> 85 | T53: 21 | U53: 18 | V53: 56 | W53: 16 | X53: 86 | AA53: 0 | AB53: 99.5 | AC53: 0 | AD53: 38 | AE53: 63 | AG53: 10 | AK53: =IF(H53>=$H$4, IF(I53>=$I$4, IF(J53>=$J$4, IF(K53>=$K$4, 4, 3), 2), 1), 0) -> 2 | AL53: =IF(L53>=$L$4, IF(M53>=$M$4, IF(N53>=$N$4, IF(O53>=$O$4, 4, 3), 2), 1), 0) -> 0 | AM53: =IF(AND(U53>=$U$4, W53>=$W$4, Y53>=$Y$4, Z53<>"", Z53>=$Z$4), 5, IF(AND(U53>=$U$4, W53>=$W$4, Y53>=$Y$4), 4, IF(AND(U53>=$U$4, W53>=$W$4), 3, IF(AND(T53>=$T$4, U53>=$U$4), 2, 0 ) ) ) ) -> 2 | AN53: =IF(AB53>=$AB$4, IF(OR(AC53>=$AC$4, AD53>=$AD$4), IF(AND(AE53>=$AE$4, AF53>=$AF$4, OR(AG53>=$AG$4, AH53>=$AH$4)), "4", IF(OR(AE53>=$AE$4, AF53>=$AF$4), "3.5", "3")), "2"), "0") -> 2 | AO53: =IF(P53>=$P$4, IF(Q53>=$Q$4, IF(R53>=$R$4, IF(S53>=$S$4,4,3), 2), 1), 0) -> 3
A54: 49 | B54: dere23cs@cmrit.ac.in | C54: DEREDDY ABHILASH REDDY | D54: =VLOOKUP(B54,USN!$1:$1088,2,FALSE) -> 1CR23CS051 | E54: 6302345170 | F54: CSE | H54: 89 | I54: 85 | J54: =IFNA(VLOOKUP(D54,'L3'!$1:$2060,2,False),0) -> 70 | K54: =VLOOKUP(D54,'L4'!$1:$2059,2,FALSE) -> 70 | L54: =VLOOKUP(D54,'A1 RETEST 5 DEC'!$1:$2096,2,FALSE) -> 64 | M54: =VLOOKUP(D54,'A2 RETEST 4 DEC'!$1:$2096,2,FALSE) -> 54 | N54: 55 | P54: =IFNA(VLOOKUP(D54,'S1'!$1:$1325,2,False),0) -> 81 | Q54: =IFNA(vlookup(D54,'S2'!A50:B1252,2,False),0) -> 65 | R54: =ifna(vlookup(D54,'S3'!$1:$1311,2,False),0) -> 93 | T54: 18 | U54: 18 | V54: 76 | X54: 52 | AA54: 0 | AB54: 83.75 | AC54: 100 | AD54: 80 | AE54: 82 | AG54: 38 | AK54: =IF(H54>=$H$4, IF(I54>=$I$4, IF(J54>=$J$4, IF(K54>=$K$4, 4, 3), 2), 1), 0) -> 4 | AL54: =IF(L54>=$L$4, IF(M54>=$M$4, IF(N54>=$N$4, IF(O54>=$O$4, 4, 3), 2), 1), 0) -> 3 | AM54: =IF(AND(U54>=$U$4, W54>=$W$4, Y54>=$Y$4, Z54<>"", Z54>=$Z$4), 5, IF(AND(U54>=$U$4, W54>=$W$4, Y54>=$Y$4), 4, IF(AND(U54>=$U$4, W54>=$W$4), 3, IF(AND(T54>=$T$4, U54>=$U$4), 2, 0 ) ) ) ) -> 2 | AN54: =IF(AB54>=$AB$4, IF(OR(AC54>=$AC$4, AD54>=$AD$4), IF(AND(AE54>=$AE$4, AF54>=$AF$4, OR(AG54>=$AG$4, AH54>=$AH$4)), "4", IF(OR(AE54>=$AE$4, AF54>=$AF$4), "3.5", "3")), "2"), "0") -> 3.5 | AO54: =IF(P54>=$P$4, IF(Q54>=$Q$4, IF(R54>=$R$4, IF(S54>=$S$4,4,3), 2), 1), 0) -> 3
A55: 50 | B55: dhn23cs@cmrit.ac.in | C55: DHANUSHREE N | D55: =VLOOKUP(B55,USN!$1:$1088,2,FALSE) -> 1CR23CS052 | E55: 7411491488 | F55: CSE | H55: 70 | I55: 66 | J55: =IFNA(VLOOKUP(D55,'L3'!$1:$2060,2,False),0) -> 42 | K55: =VLOOKUP(D55,'L4'!$1:$2059,2,FALSE) -> 29 | L55: =VLOOKUP(D55,'A1 RETEST 5 DEC'!$1:$2096,2,FALSE) -> 25 | M55: =VLOOKUP(D55,'A2 RETEST 4 DEC'!$1:$2096,2,FALSE) -> 10 | N55: 0 | P55: =IFNA(VLOOKUP(D55,'S1'!$1:$1325,2,False),0) -> 74 | Q55: =IFNA(vlookup(D55,'S2'!A51:B1253,2,False),0) -> 0 | R55: =ifna(vlookup(D55,'S3'!$1:$1311,2,False),0) -> 0 | T55: 14 | U55: 10 | V55: 72 | AA55: 36 | AB55: 18.75 | AC55: 0 | AD55: 0 | AE55: 10 | AG55: 0 | AK55: =IF(H55>=$H$4, IF(I55>=$I$4, IF(J55>=$J$4, IF(K55>=$K$4, 4, 3), 2), 1), 0) -> 2 | AL55: =IF(L55>=$L$4, IF(M55>=$M$4, IF(N55>=$N$4, IF(O55>=$O$4, 4, 3), 2), 1), 0) -> 0 | AM55: =IF(AND(U55>=$U$4, W55>=$W$4, Y55>=$Y$4, Z55<>"", Z55>=$Z$4), 5, IF(AND(U55>=$U$4, W55>=$W$4, Y55>=$Y$4), 4, IF(AND(U55>=$U$4, W55>=$W$4), 3, IF(AND(T55>=$T$4, U55>=$U$4), 2, 0 ) ) ) ) -> 2 | AN55: =IF(AB55>=$AB$4, IF(OR(AC55>=$AC$4, AD55>=$AD$4), IF(AND(AE55>=$AE$4, AF55>=$AF$4, OR(AG55>=$AG$4, AH55>=$AH$4)), "4", IF(OR(AE55>=$AE$4, AF55>=$AF$4), "3.5", "3")), "2"), "0") -> 0 | AO55: =IF(P55>=$P$4, IF(Q55>=$Q$4, IF(R55>=$R$4, IF(S55>=$S$4,4,3), 2), 1), 0) -> 1
A56: 51 | B56: dhm23cs@cmrit.ac.in | C56: DHANYAASHRI M | D56: =VLOOKUP(B56,USN!$1:$1088,2,FALSE) -> 1CR23CS053 | E56: 9663480082 | F56: CSE | H56: 84 | I56: 87 | J56: =IFNA(VLOOKUP(D56,'L3'!$1:$2060,2,False),0) -> 70 | K56: =VLOOKUP(D56,'L4'!$1:$2059,2,FALSE) -> 90 | L56: =VLOOKUP(D56,'A1 RETEST 5 DEC'!$1:$2096,2,FALSE) -> 50 | M56: =VLOOKUP(D56,'A2 RETEST 4 DEC'!$1:$2096,2,FALSE) -> 22 | N56: 50 | P56: =IFNA(VLOOKUP(D56,'S1'!$1:$1325,2,False),0) -> 88 | Q56: =IFNA(vlookup(D56,'S2'!A53:B1255,2,False),0) -> 90 | R56: =ifna(vlookup(D56,'S3'!$1:$1311,2,False),0) -> 100 | T56: 13 | U56: 18 | V56: 80 | W56: 36 | X56: 64 | AA56: 82 | AB56: 92.5 | AC56: 72 | AD56: 100 | AE56: 83 | AG56: 71 | AK56: =IF(H56>=$H$4, IF(I56>=$I$4, IF(J56>=$J$4, IF(K56>=$K$4, 4, 3), 2), 1), 0) -> 4 | AL56: =IF(L56>=$L$4, IF(M56>=$M$4, IF(N56>=$N$4, IF(O56>=$O$4, 4, 3), 2), 1), 0) -> 1 | AM56: =IF(AND(U56>=$U$4, W56>=$W$4, Y56>=$Y$4, Z56<>"", Z56>=$Z$4), 5, IF(AND(U56>=$U$4, W56>=$W$4, Y56>=$Y$4), 4, IF(AND(U56>=$U$4, W56>=$W$4), 3, IF(AND(T56>=$T$4, U56>=$U$4), 2, 0 ) ) ) ) -> 2 | AN56: =IF(AB56>=$AB$4, IF(OR(AC56>=$AC$4, AD56>=$AD$4), IF(AND(AE56>=$AE$4, AF56>=$AF$4, OR(AG56>=$AG$4, AH56>=$AH$4)), "4", IF(OR(AE56>=$AE$4, AF56>=$AF$4), "3.5", "3")), "2"), "0") -> 3.5 | AO56: =IF(P56>=$P$4, IF(Q56>=$Q$4, IF(R56>=$R$4, IF(S56>=$S$4,4,3), 2), 1), 0) -> 3
A57: 52 | B57: dhse23cs@cmrit.ac.in | C57: Dhyan M Setty | D57: =VLOOKUP(B57,USN!$1:$1088,2,FALSE) -> 1CR23CS054 | E57: 9380361373 | F57: CSE | H57: 81 | I57: 90 | J57: =IFNA(VLOOKUP(D57,'L3'!$1:$2060,2,False),0) -> 71 | K57: =VLOOKUP(D57,'L4'!$1:$2059,2,FALSE) -> 72 | L57: =VLOOKUP(D57,'A1 RETEST 5 DEC'!$1:$2096,2,FALSE) -> 50 | M57: =VLOOKUP(D57,'A2 RETEST 4 DEC'!$1:$2096,2,FALSE) -> 50 | N57: 56 | P57: =IFNA(VLOOKUP(D57,'S1'!$1:$1325,2,False),0) -> 73 | Q57: =IFNA(vlookup(D57,'S2'!A54:B1256,2,False),0) -> 73 | R57: =ifna(vlookup(D57,'S3'!$1:$1311,2,False),0) -> 92 | T57: 13 | U57: 20 | V57: 84 | W57: 48 | X57: 60 | AA57: 78 | AB57: 85 | AC57: 60 | AD57: 63 | AE57: 91 | AG57: 63 | AK57: =IF(H57>=$H$4, IF(I57>=$I$4, IF(J57>=$J$4, IF(K57>=$K$4, 4, 3), 2), 1), 0) -> 4 | AL57: =IF(L57>=$L$4, IF(M57>=$M$4, IF(N57>=$N$4, IF(O57>=$O$4, 4, 3), 2), 1), 0) -> 3 | AM57: =IF(AND(U57>=$U$4, W57>=$W$4, Y57>=$Y$4, Z57<>"", Z57>=$Z$4), 5, IF(AND(U57>=$U$4, W57>=$W$4, Y57>=$Y$4), 4, IF(AND(U57>=$U$4, W57>=$W$4), 3, IF(AND(T57>=$T$4, U57>=$U$4), 2, 0 ) ) ) ) -> 2 | AN57: =IF(AB57>=$AB$4, IF(OR(AC57>=$AC$4, AD57>=$AD$4), IF(AND(AE57>=$AE$4, AF57>=$AF$4, OR(AG57>=$AG$4, AH57>=$AH$4)), "4", IF(OR(AE57>=$AE$4, AF57>=$AF$4), "3.5", "3")), "2"), "0") -> 3.5 | AO57: =IF(P57>=$P$4, IF(Q57>=$Q$4, IF(R57>=$R$4, IF(S57>=$S$4,4,3), 2), 1), 0) -> 3
A58: 53 | B58: ndh23cs@cmrit.ac.in | C58: Dhyan N | D58: =VLOOKUP(B58,USN!$1:$1088,2,FALSE) -> 1CR23CS055 | E58: 8867163991 | F58: CSE | H58: 87 | I58: 89 | J58: =IFNA(VLOOKUP(D58,'L3'!$1:$2060,2,False),0) -> 82 | K58: =VLOOKUP(D58,'L4'!$1:$2059,2,FALSE) -> 80 | L58: =VLOOKUP(D58,'A1 RETEST 5 DEC'!$1:$2096,2,FALSE) -> 56 | M58: =VLOOKUP(D58,'A2 RETEST 4 DEC'!$1:$2096,2,FALSE) -> 67 | N58: 66 | P58: =IFNA(VLOOKUP(D58,'S1'!$1:$1325,2,False),0) -> 78 | Q58: =IFNA(vlookup(D58,'S2'!A52:B1254,2,False),0) -> 62 | R58: =ifna(vlookup(D58,'S3'!$1:$1311,2,False),0) -> 76 | T58: 17 | U58: 19 | V58: 80 | W58: 48 | X58: 86 | AA58: 100 | AB58: 99.5 | AC58: 99.5 | AD58: 64 | AE58: 90 | AG58: 40 | AK58: =IF(H58>=$H$4, IF(I58>=$I$4, IF(J58>=$J$4, IF(K58>=$K$4, 4, 3), 2), 1), 0) -> 4 | AL58: =IF(L58>=$L$4, IF(M58>=$M$4, IF(N58>=$N$4, IF(O58>=$O$4, 4, 3), 2), 1), 0) -> 3 | AM58: =IF(AND(U58>=$U$4, W58>=$W$4, Y58>=$Y$4, Z58<>"", Z58>=$Z$4), 5, IF(AND(U58>=$U$4, W58>=$W$4, Y58>=$Y$4), 4, IF(AND(U58>=$U$4, W58>=$W$4), 3, IF(AND(T58>=$T$4, U58>=$U$4), 2, 0 ) ) ) ) -> 2 | AN58: =IF(AB58>=$AB$4, IF(OR(AC58>=$AC$4, AD58>=$AD$4), IF(AND(AE58>=$AE$4, AF58>=$AF$4, OR(AG58>=$AG$4, AH58>=$AH$4)), "4", IF(OR(AE58>=$AE$4, AF58>=$AF$4), "3.5", "3")), "2"), "0") -> 3.5 | AO58: =IF(P58>=$P$4, IF(Q58>=$Q$4, IF(R58>=$R$4, IF(S58>=$S$4,4,3), 2), 1), 0) -> 3
A59: 54 | B59: didb23cs@cmrit.ac.in | C59: Dimpana D B N | D59: =VLOOKUP(B59,USN!$1:$1088,2,FALSE) -> 1CR23CS056 | E59: 6362579928 | F59: CSE | H59: 76 | I59: 79 | J59: =IFNA(VLOOKUP(D59,'L3'!$1:$2060,2,False),0) -> 77 | K59: =VLOOKUP(D59,'L4'!$1:$2059,2,FALSE) -> 70 | L59: =VLOOKUP(D59,'A1 RETEST 5 DEC'!$1:$2096,2,FALSE) -> 50 | M59: =VLOOKUP(D59,'A2 RETEST 4 DEC'!$1:$2096,2,FALSE) -> 55 | N59: 55 | P59: =IFNA(VLOOKUP(D59,'S1'!$1:$1325,2,False),0) -> 82 | Q59: =IFNA(vlookup(D59,'S2'!A55:B1257,2,False),0) -> 66 | R59: =ifna(vlookup(D59,'S3'!$1:$1311,2,False),0) -> 85 | T59: 18 | U59: 18 | V59: 64 | W59: 76 | X59: 86 | AA59: 88 | AB59: 58.75 | AC59: 80 | AD59: 72 | AE59: 92 | AG59: 70 | AK59: =IF(H59>=$H$4, IF(I59>=$I$4, IF(J59>=$J$4, IF(K59>=$K$4, 4, 3), 2), 1), 0) -> 4 | AL59: =IF(L59>=$L$4, IF(M59>=$M$4, IF(N59>=$N$4, IF(O59>=$O$4, 4, 3), 2), 1), 0) -> 3 | AM59: =IF(AND(U59>=$U$4, W59>=$W$4, Y59>=$Y$4, Z59<>"", Z59>=$Z$4), 5, IF(AND(U59>=$U$4, W59>=$W$4, Y59>=$Y$4), 4, IF(AND(U59>=$U$4, W59>=$W$4), 3, IF(AND(T59>=$T$4, U59>=$U$4), 2, 0 ) ) ) ) -> 3 | AN59: =IF(AB59>=$AB$4, IF(OR(AC59>=$AC$4, AD59>=$AD$4), IF(AND(AE59>=$AE$4, AF59>=$AF$4, OR(AG59>=$AG$4, AH59>=$AH$4)), "4", IF(OR(AE59>=$AE$4, AF59>=$AF$4), "3.5", "3")), "2"), "0") -> 3.5 | AO59: =IF(P59>=$P$4, IF(Q59>=$Q$4, IF(R59>=$R$4, IF(S59>=$S$4,4,3), 2), 1), 0) -> 3
A60: 55 | B60: dita23cs@cmrit.ac.in | C60: DISHA CHANDRU TANDEL | D60: =VLOOKUP(B60,USN!$1:$1088,2,FALSE) -> 1CR23CS057 | E60: 8050567206 | F60: CSE | H60: 79 | I60: 79 | J60: =IFNA(VLOOKUP(D60,'L3'!$1:$2060,2,False),0) -> 79 | K60: =VLOOKUP(D60,'L4'!$1:$2059,2,FALSE) -> 72 | L60: =VLOOKUP(D60,'A1 RETEST 5 DEC'!$1:$2096,2,FALSE) -> 50 | M60: =VLOOKUP(D60,'A2 RETEST 4 DEC'!$1:$2096,2,FALSE) -> 50 | N60: 50 | P60: =IFNA(VLOOKUP(D60,'S1'!$1:$1325,2,False),0) -> 50 | Q60: =IFNA(vlookup(D60,'S2'!A56:B1258,2,False),0) -> 66 | R60: =ifna(vlookup(D60,'S3'!$1:$1311,2,False),0) -> 86 | T60: 14 | U60: 19 | V60: 68 | W60: 64 | X60: 84 | AA60: 40 | AB60: 59 | AC60: 60 | AD60: 100 | AE60: 72 | AG60: 70 | AK60: =IF(H60>=$H$4, IF(I60>=$I$4, IF(J60>=$J$4, IF(K60>=$K$4, 4, 3), 2), 1), 0) -> 4 | AL60: =IF(L60>=$L$4, IF(M60>=$M$4, IF(N60>=$N$4, IF(O60>=$O$4, 4, 3), 2), 1), 0) -> 3 | AM60: =IF(AND(U60>=$U$4, W60>=$W$4, Y60>=$Y$4, Z60<>"", Z60>=$Z$4), 5, IF(AND(U60>=$U$4, W60>=$W$4, Y60>=$Y$4), 4, IF(AND(U60>=$U$4, W60>=$W$4), 3, IF(AND(T60>=$T$4, U60>=$U$4), 2, 0 ) ) ) ) -> 3 | AN60: =IF(AB60>=$AB$4, IF(OR(AC60>=$AC$4, AD60>=$AD$4), IF(AND(AE60>=$AE$4, AF60>=$AF$4, OR(AG60>=$AG$4, AH60>=$AH$4)), "4", IF(OR(AE60>=$AE$4, AF60>=$AF$4), "3.5", "3")), "2"), "0") -> 3.5 | AO60: =IF(P60>=$P$4, IF(Q60>=$Q$4, IF(R60>=$R$4, IF(S60>=$S$4,4,3), 2), 1), 0) -> 3
A61: 56 | B61: dire23cs@cmrit.ac.in | C61: DIYASHREE REDDY Y | D61: =VLOOKUP(B61,USN!$1:$1088,2,FALSE) -> 1CR23CS058 | E61: 8088892754 | F61: CSE | H61: 81 | I61: 80 | J61: =IFNA(VLOOKUP(D61,'L3'!$1:$2060,2,False),0) -> 70 | K61: =VLOOKUP(D61,'L4'!$1:$2059,2,FALSE) -> 49 | L61: =VLOOKUP(D61,'A1 RETEST 5 DEC'!$1:$2096,2,FALSE) -> 39 | M61: =VLOOKUP(D61,'A2 RETEST 4 DEC'!$1:$2096,2,FALSE) -> 15 | N61: 0 | P61: =IFNA(VLOOKUP(D61,'S1'!$1:$1325,2,False),0) -> 74 | Q61: =IFNA(vlookup(D61,'S2'!A57:B1259,2,False),0) -> 63 | R61: =ifna(vlookup(D61,'S3'!$1:$1311,2,False),0) -> 0 | T61: 11 | U61: 21 | V61: 76 | W61: 76 | X61: 88 | AA61: 66 | AB61: 40 | AC61: 0 | AD61: 0 | AE61: 10 | AG61: 0 | AK61: =IF(H61>=$H$4, IF(I61>=$I$4, IF(J61>=$J$4, IF(K61>=$K$4, 4, 3), 2), 1), 0) -> 3 | AL61: =IF(L61>=$L$4, IF(M61>=$M$4, IF(N61>=$N$4, IF(O61>=$O$4, 4, 3), 2), 1), 0) -> 0 | AM61: =IF(AND(U61>=$U$4, W61>=$W$4, Y61>=$Y$4, Z61<>"", Z61>=$Z$4), 5, IF(AND(U61>=$U$4, W61>=$W$4, Y61>=$Y$4), 4, IF(AND(U61>=$U$4, W61>=$W$4), 3, IF(AND(T61>=$T$4, U61>=$U$4), 2, 0 ) ) ) ) -> 3 | AN61: =IF(AB61>=$AB$4, IF(OR(AC61>=$AC$4, AD61>=$AD$4), IF(AND(AE61>=$AE$4, AF61>=$AF$4, OR(AG61>=$AG$4, AH61>=$AH$4)), "4", IF(OR(AE61>=$AE$4, AF61>=$AF$4), "3.5", "3")), "2"), "0") -> 0 | AO61: =IF(P61>=$P$4, IF(Q61>=$Q$4, IF(R61>=$R$4, IF(S61>=$S$4,4,3), 2), 1), 0) -> 2
A62: 57 | B62: drar23cs@cmrit.ac.in | C62: DRISHTI ARYA | D62: =VLOOKUP(B62,USN!$1:$1088,2,FALSE) -> 1CR23CS059 | E62: 8603999883 | F62: CSE | H62: 83 | I62: 86 | J62: =IFNA(VLOOKUP(D62,'L3'!$1:$2060,2,False),0) -> 70 | K62: =VLOOKUP(D62,'L4'!$1:$2059,2,FALSE) -> 79 | L62: =VLOOKUP(D62,'A1 RETEST 5 DEC'!$1:$2096,2,FALSE) -> 50 | M62: =VLOOKUP(D62,'A2 RETEST 4 DEC'!$1:$2096,2,FALSE) -> 50 | N62: 60 | P62: =IFNA(VLOOKUP(D62,'S1'!$1:$1325,2,False),0) -> 87 | Q62: =IFNA(vlookup(D62,'S2'!A58:B1260,2,False),0) -> 66 | R62: =ifna(vlookup(D62,'S3'!$1:$1311,2,False),0) -> 84 | T62: 16 | U62: 21 | V62: 76 | W62: 68 | X62: 86 | AA62: 84 | AB62: 82.75 | AC62: 80 | AD62: 100 | AE62: 91 | AG62: 34 | AK62: =IF(H62>=$H$4, IF(I62>=$I$4, IF(J62>=$J$4, IF(K62>=$K$4, 4, 3), 2), 1), 0) -> 4 | AL62: =IF(L62>=$L$4, IF(M62>=$M$4, IF(N62>=$N$4, IF(O62>=$O$4, 4, 3), 2), 1), 0) -> 3 | AM62: =IF(AND(U62>=$U$4, W62>=$W$4, Y62>=$Y$4, Z62<>"", Z62>=$Z$4), 5, IF(AND(U62>=$U$4, W62>=$W$4, Y62>=$Y$4), 4, IF(AND(U62>=$U$4, W62>=$W$4), 3, IF(AND(T62>=$T$4, U62>=$U$4), 2, 0 ) ) ) ) -> 3 | AN62: =IF(AB62>=$AB$4, IF(OR(AC62>=$AC$4, AD62>=$AD$4), IF(AND(AE62>=$AE$4, AF62>=$AF$4, OR(AG62>=$AG$4, AH62>=$AH$4)), "4", IF(OR(AE62>=$AE$4, AF62>=$AF$4), "3.5", "3")), "2"), "0") -> 3.5 | AO62: =IF(P62>=$P$4, IF(Q62>=$Q$4, IF(R62>=$R$4, IF(S62>=$S$4,4,3), 2), 1), 0) -> 3
A63: 58 | B63: gbsa23cs@cmrit.ac.in | C63: G BHARATH SAI | D63: =VLOOKUP(B63,USN!$1:$1088,2,FALSE) -> 1CR23CS060 | E63: 8150914707 | F63: CSE | H63: 76 | I63: 77 | J63: =IFNA(VLOOKUP(D63,'L3'!$1:$2060,2,False),0) -> 70 | K63: =VLOOKUP(D63,'L4'!$1:$2059,2,FALSE) -> 70 | L63: =VLOOKUP(D63,'A1 RETEST 5 DEC'!$1:$2096,2,FALSE) -> 20 | M63: =VLOOKUP(D63,'A2 RETEST 4 DEC'!$1:$2096,2,FALSE) -> 50 | N63: 9 | P63: =IFNA(VLOOKUP(D63,'S1'!$1:$1325,2,False),0) -> 50 | Q63: =IFNA(vlookup(D63,'S2'!A59:B1261,2,False),0) -> 65 | R63: =ifna(vlookup(D63,'S3'!$1:$1311,2,False),0) -> 86 | T63: 13 | U63: 18 | V63: 68 | X63: 68 | AA63: 12 | AB63: 42.5 | AC63: 37.5 | AD63: 10 | AE63: 13 | AG63: 0 | AK63: =IF(H63>=$H$4, IF(I63>=$I$4, IF(J63>=$J$4, IF(K63>=$K$4, 4, 3), 2), 1), 0) -> 4 | AL63: =IF(L63>=$L$4, IF(M63>=$M$4, IF(N63>=$N$4, IF(O63>=$O$4, 4, 3), 2), 1), 0) -> 0 | AM63: =IF(AND(U63>=$U$4, W63>=$W$4, Y63>=$Y$4, Z63<>"", Z63>=$Z$4), 5, IF(AND(U63>=$U$4, W63>=$W$4, Y63>=$Y$4), 4, IF(AND(U63>=$U$4, W63>=$W$4), 3, IF(AND(T63>=$T$4, U63>=$U$4), 2, 0 ) ) ) ) -> 2 | AN63: =IF(AB63>=$AB$4, IF(OR(AC63>=$AC$4, AD63>=$AD$4), IF(AND(AE63>=$AE$4, AF63>=$AF$4, OR(AG63>=$AG$4, AH63>=$AH$4)), "4", IF(OR(AE63>=$AE$4, AF63>=$AF$4), "3.5", "3")), "2"), "0") -> 0 | AO63: =IF(P63>=$P$4, IF(Q63>=$Q$4, IF(R63>=$R$4, IF(S63>=$S$4,4,3), 2), 1), 0) -> 3
A64: 59 | B64: gav23cs@cmrit.ac.in | C64: GAHANA V | D64: =VLOOKUP(B64,USN!$1:$1088,2,FALSE) -> 1CR23CS061 | E64: 9113948829 | F64: CSE | H64: 81 | I64: 82 | J64: =IFNA(VLOOKUP(D64,'L3'!$1:$2060,2,False),0) -> 75 | K64: =VLOOKUP(D64,'L4'!$1:$2059,2,FALSE) -> 83 | L64: =VLOOKUP(D64,'A1 RETEST 5 DEC'!$1:$2096,2,FALSE) -> 50 | M64: =VLOOKUP(D64,'A2 RETEST 4 DEC'!$1:$2096,2,FALSE) -> 13 | N64: 50 | P64: =IFNA(VLOOKUP(D64,'S1'!$1:$1325,2,False),0) -> 87 | Q64: =IFNA(vlookup(D64,'S2'!A60:B1262,2,False),0) -> 90 | R64: =ifna(vlookup(D64,'S3'!$1:$1311,2,False),0) -> 96 | T64: 10 | U64: 19 | V64: 68 | W64: 52 | X64: 54 | AA64: 88 | AB64: 98.75 | AC64: 100 | AD64: 100 | AE64: 72 | AG64: 74 | AK64: =IF(H64>=$H$4, IF(I64>=$I$4, IF(J64>=$J$4, IF(K64>=$K$4, 4, 3), 2), 1), 0) -> 4 | AL64: =IF(L64>=$L$4, IF(M64>=$M$4, IF(N64>=$N$4, IF(O64>=$O$4, 4, 3), 2), 1), 0) -> 1 | AM64: =IF(AND(U64>=$U$4, W64>=$W$4, Y64>=$Y$4, Z64<>"", Z64>=$Z$4), 5, IF(AND(U64>=$U$4, W64>=$W$4, Y64>=$Y$4), 4, IF(AND(U64>=$U$4, W64>=$W$4), 3, IF(AND(T64>=$T$4, U64>=$U$4), 2, 0 ) ) ) ) -> 3 | AN64: =IF(AB64>=$AB$4, IF(OR(AC64>=$AC$4, AD64>=$AD$4), IF(AND(AE64>=$AE$4, AF64>=$AF$4, OR(AG64>=$AG$4, AH64>=$AH$4)), "4", IF(OR(AE64>=$AE$4, AF64>=$AF$4), "3.5", "3")), "2"), "0") -> 3.5 | AO64: =IF(P64>=$P$4, IF(Q64>=$Q$4, IF(R64>=$R$4, IF(S64>=$S$4,4,3), 2), 1), 0) -> 3
A65: 60 | B65: gasa23cs@cmrit.ac.in | C65: GAURY SHIBU SANKER | D65: =VLOOKUP(B65,USN!$1:$1088,2,FALSE) -> 1CR23CS063 | E65: 8296360268 | F65: CSE | H65: 88 | I65: 85 | J65: =IFNA(VLOOKUP(D65,'L3'!$1:$2060,2,False),0) -> 85 | K65: =VLOOKUP(D65,'L4'!$1:$2059,2,FALSE) -> 70 | L65: =VLOOKUP(D65,'A1 RETEST 5 DEC'!$1:$2096,2,FALSE) -> 63 | M65: =VLOOKUP(D65,'A2 RETEST 4 DEC'!$1:$2096,2,FALSE) -> 20 | N65: 52 | P65: =IFNA(VLOOKUP(D65,'S1'!$1:$1325,2,False),0) -> 82 | Q65: =IFNA(vlookup(D65,'S2'!A61:B1263,2,False),0) -> 65 | R65: =ifna(vlookup(D65,'S3'!$1:$1311,2,False),0) -> 94 | T65: 14 | U65: 16 | V65: 76 | X65: 68 | AA65: 96 | AB65: 99.5 | AC65: 98.5 | AD65: 67 | AE65: 81 | AG65: 71 | AK65: =IF(H65>=$H$4, IF(I65>=$I$4, IF(J65>=$J$4, IF(K65>=$K$4, 4, 3), 2), 1), 0) -> 4 | AL65: =IF(L65>=$L$4, IF(M65>=$M$4, IF(N65>=$N$4, IF(O65>=$O$4, 4, 3), 2), 1), 0) -> 1 | AM65: =IF(AND(U65>=$U$4, W65>=$W$4, Y65>=$Y$4, Z65<>"", Z65>=$Z$4), 5, IF(AND(U65>=$U$4, W65>=$W$4, Y65>=$Y$4), 4, IF(AND(U65>=$U$4, W65>=$W$4), 3, IF(AND(T65>=$T$4, U65>=$U$4), 2, 0 ) ) ) ) -> 2 | AN65: =IF(AB65>=$AB$4, IF(OR(AC65>=$AC$4, AD65>=$AD$4), IF(AND(AE65>=$AE$4, AF65>=$AF$4, OR(AG65>=$AG$4, AH65>=$AH$4)), "4", IF(OR(AE65>=$AE$4, AF65>=$AF$4), "3.5", "3")), "2"), "0") -> 3.5 | AO65: =IF(P65>=$P$4, IF(Q65>=$Q$4, IF(R65>=$R$4, IF(S65>=$S$4,4,3), 2), 1), 0) -> 3
A66: 61 | B66: gosh23cs@cmrit.ac.in | C66: GORANTLA SAI SHANKAR | D66: =VLOOKUP(B66,USN!$1:$1088,2,FALSE) -> 1CR23CS064 | E66: 8976301477 | F66: CSE | H66: 83 | I66: 82 | J66: =IFNA(VLOOKUP(D66,'L3'!$1:$2060,2,False),0) -> 79 | K66: =VLOOKUP(D66,'L4'!$1:$2059,2,FALSE) -> 70 | L66: =VLOOKUP(D66,'A1 RETEST 5 DEC'!$1:$2096,2,FALSE) -> 61 | M66: =VLOOKUP(D66,'A2 RETEST 4 DEC'!$1:$2096,2,FALSE) -> 8 | N66: 14 | P66: =IFNA(VLOOKUP(D66,'S1'!$1:$1325,2,False),0) -> 76 | Q66: =IFNA(vlookup(D66,'S2'!A62:B1264,2,False),0) -> 73 | R66: =ifna(vlookup(D66,'S3'!$1:$1311,2,False),0) -> 0 | T66: 20 | U66: 18 | V66: 56 | W66: 32 | AA66: 20 | AB66: 100 | AC66: 83 | AD66: 69 | AE66: 36 | AG66: 57 | AK66: =IF(H66>=$H$4, IF(I66>=$I$4, IF(J66>=$J$4, IF(K66>=$K$4, 4, 3), 2), 1), 0) -> 4 | AL66: =IF(L66>=$L$4, IF(M66>=$M$4, IF(N66>=$N$4, IF(O66>=$O$4, 4, 3), 2), 1), 0) -> 1 | AM66: =IF(AND(U66>=$U$4, W66>=$W$4, Y66>=$Y$4, Z66<>"", Z66>=$Z$4), 5, IF(AND(U66>=$U$4, W66>=$W$4, Y66>=$Y$4), 4, IF(AND(U66>=$U$4, W66>=$W$4), 3, IF(AND(T66>=$T$4, U66>=$U$4), 2, 0 ) ) ) ) -> 2 | AN66: =IF(AB66>=$AB$4, IF(OR(AC66>=$AC$4, AD66>=$AD$4), IF(AND(AE66>=$AE$4, AF66>=$AF$4, OR(AG66>=$AG$4, AH66>=$AH$4)), "4", IF(OR(AE66>=$AE$4, AF66>=$AF$4), "3.5", "3")), "2"), "0") -> 3 | AO66: =IF(P66>=$P$4, IF(Q66>=$Q$4, IF(R66>=$R$4, IF(S66>=$S$4,4,3), 2), 1), 0) -> 2
A67: 62 | B67: govu23cs@cmrit.ac.in | C67: Gowtham V U | D67: =VLOOKUP(B67,USN!$1:$1088,2,FALSE) -> 1CR23CS065 | E67: 6363811577 | F67: CSE | H67: 83 | I67: 82 | J67: =IFNA(VLOOKUP(D67,'L3'!$1:$2060,2,False),0) -> 75 | K67: =VLOOKUP(D67,'L4'!$1:$2059,2,FALSE) -> 80 | L67: =VLOOKUP(D67,'A1 RETEST 5 DEC'!$1:$2096,2,FALSE) -> 50 | M67: =VLOOKUP(D67,'A2 RETEST 4 DEC'!$1:$2096,2,FALSE) -> 50 | N67: 53 | P67: =IFNA(VLOOKUP(D67,'S1'!$1:$1325,2,False),0) -> 77 | Q67: =IFNA(vlookup(D67,'S2'!A63:B1265,2,False),0) -> 65 | R67: =ifna(vlookup(D67,'S3'!$1:$1311,2,False),0) -> 75 | T67: 12 | U67: 16 | V67: 84 | W67: 68 | X67: 82 | AA67: 80 | AB67: 73.75 | AC67: 78.5 | AD67: 64 | AE67: 92 | AG67: 33 | AK67: =IF(H67>=$H$4, IF(I67>=$I$4, IF(J67>=$J$4, IF(K67>=$K$4, 4, 3), 2), 1), 0) -> 4 | AL67: =IF(L67>=$L$4, IF(M67>=$M$4, IF(N67>=$N$4, IF(O67>=$O$4, 4, 3), 2), 1), 0) -> 3 | AM67: =IF(AND(U67>=$U$4, W67>=$W$4, Y67>=$Y$4, Z67<>"", Z67>=$Z$4), 5, IF(AND(U67>=$U$4, W67>=$W$4, Y67>=$Y$4), 4, IF(AND(U67>=$U$4, W67>=$W$4), 3, IF(AND(T67>=$T$4, U67>=$U$4), 2, 0 ) ) ) ) -> 3 | AN67: =IF(AB67>=$AB$4, IF(OR(AC67>=$AC$4, AD67>=$AD$4), IF(AND(AE67>=$AE$4, AF67>=$AF$4, OR(AG67>=$AG$4, AH67>=$AH$4)), "4", IF(OR(AE67>=$AE$4, AF67>=$AF$4), "3.5", "3")), "2"), "0") -> 3.5 | AO67: =IF(P67>=$P$4, IF(Q67>=$Q$4, IF(R67>=$R$4, IF(S67>=$S$4,4,3), 2), 1), 0) -> 3
A68: 63 | B68: hava23cs@cmrit.ac.in | C68: HARSH VAIDYA | D68: =VLOOKUP(B68,USN!$1:$1088,2,FALSE) -> 1CR23CS066 | E68: 6201697502 | F68: CSE | H68: 86 | I68: 88 | J68: =IFNA(VLOOKUP(D68,'L3'!$1:$2060,2,False),0) -> 70 | K68: =VLOOKUP(D68,'L4'!$1:$2059,2,FALSE) -> 70 | L68: =VLOOKUP(D68,'A1 RETEST 5 DEC'!$1:$2096,2,FALSE) -> 67 | M68: =VLOOKUP(D68,'A2 RETEST 4 DEC'!$1:$2096,2,FALSE) -> 50 | N68: 50 | P68: =IFNA(VLOOKUP(D68,'S1'!$1:$1325,2,False),0) -> 50 | Q68: =IFNA(vlookup(D68,'S2'!A64:B1266,2,False),0) -> 63 | R68: =ifna(vlookup(D68,'S3'!$1:$1311,2,False),0) -> 50 | T68: 18 | U68: 22 | V68: 52 | W68: 48 | X68: 66 | AA68: 66 | AB68: 99.25 | AC68: 60 | AD68: 100 | AE68: 70 | AG68: 5 | AK68: =IF(H68>=$H$4, IF(I68>=$I$4, IF(J68>=$J$4, IF(K68>=$K$4, 4, 3), 2), 1), 0) -> 4 | AL68: =IF(L68>=$L$4, IF(M68>=$M$4, IF(N68>=$N$4, IF(O68>=$O$4, 4, 3), 2), 1), 0) -> 3 | AM68: =IF(AND(U68>=$U$4, W68>=$W$4, Y68>=$Y$4, Z68<>"", Z68>=$Z$4), 5, IF(AND(U68>=$U$4, W68>=$W$4, Y68>=$Y$4), 4, IF(AND(U68>=$U$4, W68>=$W$4), 3, IF(AND(T68>=$T$4, U68>=$U$4), 2, 0 ) ) ) ) -> 2 | AN68: =IF(AB68>=$AB$4, IF(OR(AC68>=$AC$4, AD68>=$AD$4), IF(AND(AE68>=$AE$4, AF68>=$AF$4, OR(AG68>=$AG$4, AH68>=$AH$4)), "4", IF(OR(AE68>=$AE$4, AF68>=$AF$4), "3.5", "3")), "2"), "0") -> 3.5 | AO68: =IF(P68>=$P$4, IF(Q68>=$Q$4, IF(R68>=$R$4, IF(S68>=$S$4,4,3), 2), 1), 0) -> 3
A69: 64 | B69: hal23cs@cmrit.ac.in | C69: Harsha L | D69: =VLOOKUP(B69,USN!$1:$1088,2,FALSE) -> 1CR23CS067 | E69: 9019722248 | F69: CSE | H69: 77 | I69: 70 | J69: =IFNA(VLOOKUP(D69,'L3'!$1:$2060,2,False),0) -> 67 | K69: =VLOOKUP(D69,'L4'!$1:$2059,2,FALSE) -> 70 | L69: =VLOOKUP(D69,'A1 RETEST 5 DEC'!$1:$2096,2,FALSE) -> 50 | M69: =VLOOKUP(D69,'A2 RETEST 4 DEC'!$1:$2096,2,FALSE) -> 50 | N69: 50 | P69: =IFNA(VLOOKUP(D69,'S1'!$1:$1325,2,False),0) -> 50 | Q69: =IFNA(vlookup(D69,'S2'!A65:B1267,2,False),0) -> 65 | R69: =ifna(vlookup(D69,'S3'!$1:$1311,2,False),0) -> 75 | T69: 6 | U69: 18 | V69: 76 | W69: 32 | X69: 62 | AA69: 30 | AB69: 58 | AC69: 80 | AD69: 100 | AE69: 78 | AG69: 33 | AK69: =IF(H69>=$H$4, IF(I69>=$I$4, IF(J69>=$J$4, IF(K69>=$K$4, 4, 3), 2), 1), 0) -> 2 | AL69: =IF(L69>=$L$4, IF(M69>=$M$4, IF(N69>=$N$4, IF(O69>=$O$4, 4, 3), 2), 1), 0) -> 3 | AM69: =IF(AND(U69>=$U$4, W69>=$W$4, Y69>=$Y$4, Z69<>"", Z69>=$Z$4), 5, IF(AND(U69>=$U$4, W69>=$W$4, Y69>=$Y$4), 4, IF(AND(U69>=$U$4, W69>=$W$4), 3, IF(AND(T69>=$T$4, U69>=$U$4), 2, 0 ) ) ) ) -> 0 | AN69: =IF(AB69>=$AB$4, IF(OR(AC69>=$AC$4, AD69>=$AD$4), IF(AND(AE69>=$AE$4, AF69>=$AF$4, OR(AG69>=$AG$4, AH69>=$AH$4)), "4", IF(OR(AE69>=$AE$4, AF69>=$AF$4), "3.5", "3")), "2"), "0") -> 3.5 | AO69: =IF(P69>=$P$4, IF(Q69>=$Q$4, IF(R69>=$R$4, IF(S69>=$S$4,4,3), 2), 1), 0) -> 3
A70: 65 | B70: hama23cs@cmrit.ac.in | C70: HARSHINI MAMIDIPALLI | D70: =VLOOKUP(B70,USN!$1:$1088,2,FALSE) -> 1CR23CS068 | E70: 9148381159 | F70: CSE | H70: 90 | I70: 87 | J70: =IFNA(VLOOKUP(D70,'L3'!$1:$2060,2,False),0) -> 83 | K70: =VLOOKUP(D70,'L4'!$1:$2059,2,FALSE) -> 74 | L70: =VLOOKUP(D70,'A1 RETEST 5 DEC'!$1:$2096,2,FALSE) -> 60 | M70: =VLOOKUP(D70,'A2 RETEST 4 DEC'!$1:$2096,2,FALSE) -> 50 | N70: 50 | P70: =IFNA(VLOOKUP(D70,'S1'!$1:$1325,2,False),0) -> 82 | Q70: =IFNA(vlookup(D70,'S2'!A66:B1268,2,False),0) -> 90 | R70: =ifna(vlookup(D70,'S3'!$1:$1311,2,False),0) -> 95 | T70: 20 | U70: 18 | V70: 76 | W70: 56 | X70: 64 | AA70: 96 | AB70: 96.25 | AC70: 88 | AD70: 77 | AE70: 70 | AG70: 80 | AK70: =IF(H70>=$H$4, IF(I70>=$I$4, IF(J70>=$J$4, IF(K70>=$K$4, 4, 3), 2), 1), 0) -> 4 | AL70: =IF(L70>=$L$4, IF(M70>=$M$4, IF(N70>=$N$4, IF(O70>=$O$4, 4, 3), 2), 1), 0) -> 3 | AM70: =IF(AND(U70>=$U$4, W70>=$W$4, Y70>=$Y$4, Z70<>"", Z70>=$Z$4), 5, IF(AND(U70>=$U$4, W70>=$W$4, Y70>=$Y$4), 4, IF(AND(U70>=$U$4, W70>=$W$4), 3, IF(AND(T70>=$T$4, U70>=$U$4), 2, 0 ) ) ) ) -> 3 | AN70: =IF(AB70>=$AB$4, IF(OR(AC70>=$AC$4, AD70>=$AD$4), IF(AND(AE70>=$AE$4, AF70>=$AF$4, OR(AG70>=$AG$4, AH70>=$AH$4)), "4", IF(OR(AE70>=$AE$4, AF70>=$AF$4), "3.5", "3")), "2"), "0") -> 3.5 | AO70: =IF(P70>=$P$4, IF(Q70>=$Q$4, IF(R70>=$R$4, IF(S70>=$S$4,4,3), 2), 1), 0) -> 3
A71: 66 | B71: hami23cs@cmrit.ac.in | C71: HARSHIT MISHRA | D71: =VLOOKUP(B71,USN!$1:$1088,2,FALSE) -> 1CR23CS069 | E71: 9305639284 | F71: CSE | H71: 84 | I71: 78 | J71: =IFNA(VLOOKUP(D71,'L3'!$1:$2060,2,False),0) -> 35 | K71: =VLOOKUP(D71,'L4'!$1:$2059,2,FALSE) -> 42 | L71: =VLOOKUP(D71,'A1 RETEST 5 DEC'!$1:$2096,2,FALSE) -> 25 | M71: =VLOOKUP(D71,'A2 RETEST 4 DEC'!$1:$2096,2,FALSE) -> 25 | N71: 0 | P71: =IFNA(VLOOKUP(D71,'S1'!$1:$1325,2,False),0) -> 0 | Q71: =IFNA(vlookup(D71,'S2'!A67:B1269,2,False),0) -> 0 | R71: =ifna(vlookup(D71,'S3'!$1:$1311,2,False),0) -> 0 | T71: 23 | U71: 17 | V71: 36 | W71: 48 | X71: 84 | AA71: 10 | AB71: 80 | AC71: 80 | AD71: 86 | AE71: 10 | AG71: 5 | AK71: =IF(H71>=$H$4, IF(I71>=$I$4, IF(J71>=$J$4, IF(K71>=$K$4, 4, 3), 2), 1), 0) -> 2 | AL71: =IF(L71>=$L$4, IF(M71>=$M$4, IF(N71>=$N$4, IF(O71>=$O$4, 4, 3), 2), 1), 0) -> 0 | AM71: =IF(AND(U71>=$U$4, W71>=$W$4, Y71>=$Y$4, Z71<>"", Z71>=$Z$4), 5, IF(AND(U71>=$U$4, W71>=$W$4, Y71>=$Y$4), 4, IF(AND(U71>=$U$4, W71>=$W$4), 3, IF(AND(T71>=$T$4, U71>=$U$4), 2, 0 ) ) ) ) -> 2 | AN71: =IF(AB71>=$AB$4, IF(OR(AC71>=$AC$4, AD71>=$AD$4), IF(AND(AE71>=$AE$4, AF71>=$AF$4, OR(AG71>=$AG$4, AH71>=$AH$4)), "4", IF(OR(AE71>=$AE$4, AF71>=$AF$4), "3.5", "3")), "2"), "0") -> 3 | AO71: =IF(P71>=$P$4, IF(Q71>=$Q$4, IF(R71>=$R$4, IF(S71>=$S$4,4,3), 2), 1), 0) -> 0
A72: 67 | B72: hini23cs@cmrit.ac.in | C72: HIMANSHU NIKAM | D72: =VLOOKUP(B72,USN!$1:$1088,2,FALSE) -> 1CR23CS070 | E72: 8737923714 | F72: CSE | H72: 81 | I72: 83 | J72: =IFNA(VLOOKUP(D72,'L3'!$1:$2060,2,False),0) -> 70 | K72: =VLOOKUP(D72,'L4'!$1:$2059,2,FALSE) -> 70 | L72: =VLOOKUP(D72,'A1 RETEST 5 DEC'!$1:$2096,2,FALSE) -> 64 | M72: =VLOOKUP(D72,'A2 RETEST 4 DEC'!$1:$2096,2,FALSE) -> 50 | N72: 56 | P72: =IFNA(VLOOKUP(D72,'S1'!$1:$1325,2,False),0) -> 0 | Q72: =IFNA(vlookup(D72,'S2'!A68:B1270,2,False),0) -> 63 | R72: =ifna(vlookup(D72,'S3'!$1:$1311,2,False),0) -> 84 | T72: 12 | U72: 18 | V72: 84 | W72: 40 | X72: 74 | AA72: 80 | AB72: 84.5 | AC72: 75 | AD72: 100 | AE72: 80 | AG72: 72 | AK72: =IF(H72>=$H$4, IF(I72>=$I$4, IF(J72>=$J$4, IF(K72>=$K$4, 4, 3), 2), 1), 0) -> 4 | AL72: =IF(L72>=$L$4, IF(M72>=$M$4, IF(N72>=$N$4, IF(O72>=$O$4, 4, 3), 2), 1), 0) -> 3 | AM72: =IF(AND(U72>=$U$4, W72>=$W$4, Y72>=$Y$4, Z72<>"", Z72>=$Z$4), 5, IF(AND(U72>=$U$4, W72>=$W$4, Y72>=$Y$4), 4, IF(AND(U72>=$U$4, W72>=$W$4), 3, IF(AND(T72>=$T$4, U72>=$U$4), 2, 0 ) ) ) ) -> 2 | AN72: =IF(AB72>=$AB$4, IF(OR(AC72>=$AC$4, AD72>=$AD$4), IF(AND(AE72>=$AE$4, AF72>=$AF$4, OR(AG72>=$AG$4, AH72>=$AH$4)), "4", IF(OR(AE72>=$AE$4, AF72>=$AF$4), "3.5", "3")), "2"), "0") -> 3.5 | AO72: =IF(P72>=$P$4, IF(Q72>=$Q$4, IF(R72>=$R$4, IF(S72>=$S$4,4,3), 2), 1), 0) -> 0
A73: 68 | B73: hig23cs@cmrit.ac.in | C73: Hitesh G | D73: =VLOOKUP(B73,USN!$1:$1088,2,FALSE) -> 1CR23CS071 | E73: 9141933459 | F73: CSE | H73: 79 | I73: 77 | J73: =IFNA(VLOOKUP(D73,'L3'!$1:$2060,2,False),0) -> 54 | K73: =VLOOKUP(D73,'L4'!$1:$2059,2,FALSE) -> 70 | L73: =VLOOKUP(D73,'A1 RETEST 5 DEC'!$1:$2096,2,FALSE) -> 50 | M73: =VLOOKUP(D73,'A2 RETEST 4 DEC'!$1:$2096,2,FALSE) -> 50 | N73: 39 | P73: =IFNA(VLOOKUP(D73,'S1'!$1:$1325,2,False),0) -> 72 | Q73: =IFNA(vlookup(D73,'S2'!A69:B1271,2,False),0) -> 65 | R73: =ifna(vlookup(D73,'S3'!$1:$1311,2,False),0) -> 67 | T73: 12 | U73: 19 | W73: 36 | X73: 76 | AA73: 0 | AB73: 55 | AC73: 80 | AD73: 100 | AE73: 19 | AG73: 16 | AK73: =IF(H73>=$H$4, IF(I73>=$I$4, IF(J73>=$J$4, IF(K73>=$K$4, 4, 3), 2), 1), 0) -> 2 | AL73: =IF(L73>=$L$4, IF(M73>=$M$4, IF(N73>=$N$4, IF(O73>=$O$4, 4, 3), 2), 1), 0) -> 2 | AM73: =IF(AND(U73>=$U$4, W73>=$W$4, Y73>=$Y$4, Z73<>"", Z73>=$Z$4), 5, IF(AND(U73>=$U$4, W73>=$W$4, Y73>=$Y$4), 4, IF(AND(U73>=$U$4, W73>=$W$4), 3, IF(AND(T73>=$T$4, U73>=$U$4), 2, 0 ) ) ) ) -> 2 | AN73: =IF(AB73>=$AB$4, IF(OR(AC73>=$AC$4, AD73>=$AD$4), IF(AND(AE73>=$AE$4, AF73>=$AF$4, OR(AG73>=$AG$4, AH73>=$AH$4)), "4", IF(OR(AE73>=$AE$4, AF73>=$AF$4), "3.5", "3")), "2"), "0") -> 3 | AO73: =IF(P73>=$P$4, IF(Q73>=$Q$4, IF(R73>=$R$4, IF(S73>=$S$4,4,3), 2), 1), 0) -> 3
A74: 69 | B74: iqha23cs@cmrit.ac.in | C74: IQBAL JAVAID HAKIM | D74: =VLOOKUP(B74,USN!$1:$1088,2,FALSE) -> 1CR23CS072 | E74: 9148125300 | F74: CSE | H74: 83 | I74: 82 | J74: =IFNA(VLOOKUP(D74,'L3'!$1:$2060,2,False),0) -> 39 | K74: =VLOOKUP(D74,'L4'!$1:$2059,2,FALSE) -> 70 | L74: =VLOOKUP(D74,'A1 RETEST 5 DEC'!$1:$2096,2,FALSE) -> 31 | M74: =VLOOKUP(D74,'A2 RETEST 4 DEC'!$1:$2096,2,FALSE) -> 50 | N74: 3 | P74: =IFNA(VLOOKUP(D74,'S1'!$1:$1325,2,False),0) -> 0 | Q74: =IFNA(vlookup(D74,'S2'!A70:B1272,2,False),0) -> 50 | R74: =ifna(vlookup(D74,'S3'!$1:$1311,2,False),0) -> 0 | T74: 18 | U74: 20 | V74: 80 | W74: 60 | X74: 68 | AA74: 15 | AB74: 93 | AC74: 80 | AD74: 70 | AE74: 16 | AG74: 0 | AK74: =IF(H74>=$H$4, IF(I74>=$I$4, IF(J74>=$J$4, IF(K74>=$K$4, 4, 3), 2), 1), 0) -> 2 | AL74: =IF(L74>=$L$4, IF(M74>=$M$4, IF(N74>=$N$4, IF(O74>=$O$4, 4, 3), 2), 1), 0) -> 0 | AM74: =IF(AND(U74>=$U$4, W74>=$W$4, Y74>=$Y$4, Z74<>"", Z74>=$Z$4), 5, IF(AND(U74>=$U$4, W74>=$W$4, Y74>=$Y$4), 4, IF(AND(U74>=$U$4, W74>=$W$4), 3, IF(AND(T74>=$T$4, U74>=$U$4), 2, 0 ) ) ) ) -> 3 | AN74: =IF(AB74>=$AB$4, IF(OR(AC74>=$AC$4, AD74>=$AD$4), IF(AND(AE74>=$AE$4, AF74>=$AF$4, OR(AG74>=$AG$4, AH74>=$AH$4)), "4", IF(OR(AE74>=$AE$4, AF74>=$AF$4), "3.5", "3")), "2"), "0") -> 3 | AO74: =IF(P74>=$P$4, IF(Q74>=$Q$4, IF(R74>=$R$4, IF(S74>=$S$4,4,3), 2), 1), 0) -> 0
A75: 70 | B75: isra23cs@cmrit.ac.in | C75: ISHITA RANI | D75: =VLOOKUP(B75,USN!$1:$1088,2,FALSE) -> 1CR23CS073 | E75: 6362858403 | F75: CSE | H75: 77 | I75: 81 | J75: =IFNA(VLOOKUP(D75,'L3'!$1:$2060,2,False),0) -> 80 | K75: =VLOOKUP(D75,'L4'!$1:$2059,2,FALSE) -> 70 | L75: =VLOOKUP(D75,'A1 RETEST 5 DEC'!$1:$2096,2,FALSE) -> 30 | M75: =VLOOKUP(D75,'A2 RETEST 4 DEC'!$1:$2096,2,FALSE) -> 14 | N75: 26 | P75: =IFNA(VLOOKUP(D75,'S1'!$1:$1325,2,False),0) -> 74 | Q75: =IFNA(vlookup(D75,'S2'!A71:B1273,2,False),0) -> 66 | R75: =ifna(vlookup(D75,'S3'!$1:$1311,2,False),0) -> 69 | T75: 16 | U75: 15 | V75: 76 | W75: 80 | X75: 84 | AA75: 31 | AB75: 60 | AC75: 0 | AD75: 60 | AE75: 14 | AG75: 43 | AK75: =IF(H75>=$H$4, IF(I75>=$I$4, IF(J75>=$J$4, IF(K75>=$K$4, 4, 3), 2), 1), 0) -> 4 | AL75: =IF(L75>=$L$4, IF(M75>=$M$4, IF(N75>=$N$4, IF(O75>=$O$4, 4, 3), 2), 1), 0) -> 0 | AM75: =IF(AND(U75>=$U$4, W75>=$W$4, Y75>=$Y$4, Z75<>"", Z75>=$Z$4), 5, IF(AND(U75>=$U$4, W75>=$W$4, Y75>=$Y$4), 4, IF(AND(U75>=$U$4, W75>=$W$4), 3, IF(AND(T75>=$T$4, U75>=$U$4), 2, 0 ) ) ) ) -> 3 | AN75: =IF(AB75>=$AB$4, IF(OR(AC75>=$AC$4, AD75>=$AD$4), IF(AND(AE75>=$AE$4, AF75>=$AF$4, OR(AG75>=$AG$4, AH75>=$AH$4)), "4", IF(OR(AE75>=$AE$4, AF75>=$AF$4), "3.5", "3")), "2"), "0") -> 3 | AO75: =IF(P75>=$P$4, IF(Q75>=$Q$4, IF(R75>=$R$4, IF(S75>=$S$4,4,3), 2), 1), 0) -> 3
A76: 71 | B76: jrra23cs@cmrit.ac.in | C76: J RISHAB RAO | D76: =VLOOKUP(B76,USN!$1:$1088,2,FALSE) -> 1CR23CS074 | E76: 9972477937 | F76: CSE | H76: 83 | I76: 78 | J76: =IFNA(VLOOKUP(D76,'L3'!$1:$2060,2,False),0) -> 68 | K76: =VLOOKUP(D76,'L4'!$1:$2059,2,FALSE) -> 70 | L76: =VLOOKUP(D76,'A1 RETEST 5 DEC'!$1:$2096,2,FALSE) -> 62 | M76: =VLOOKUP(D76,'A2 RETEST 4 DEC'!$1:$2096,2,FALSE) -> 33 | N76: 38 | P76: =IFNA(VLOOKUP(D76,'S1'!$1:$1325,2,False),0) -> 0 | Q76: =IFNA(vlookup(D76,'S2'!A72:B1274,2,False),0) -> 65 | R76: =ifna(vlookup(D76,'S3'!$1:$1311,2,False),0) -> 45 | T76: 10 | U76: Ab | V76: 76 | X76: 50 | AA76: 48.2 | AB76: 63.75 | AC76: 0 | AD76: 32 | AE76: 10 | AG76: 24 | AK76: =IF(H76>=$H$4, IF(I76>=$I$4, IF(J76>=$J$4, IF(K76>=$K$4, 4, 3), 2), 1), 0) -> 2 | AL76: =IF(L76>=$L$4, IF(M76>=$M$4, IF(N76>=$N$4, IF(O76>=$O$4, 4, 3), 2), 1), 0) -> 1 | AM76: =IF(AND(U76>=$U$4, W76>=$W$4, Y76>=$Y$4, Z76<>"", Z76>=$Z$4), 5, IF(AND(U76>=$U$4, W76>=$W$4, Y76>=$Y$4), 4, IF(AND(U76>=$U$4, W76>=$W$4), 3, IF(AND(T76>=$T$4, U76>=$U$4), 2, 0 ) ) ) ) -> 2 | AN76: =IF(AB76>=$AB$4, IF(OR(AC76>=$AC$4, AD76>=$AD$4), IF(AND(AE76>=$AE$4, AF76>=$AF$4, OR(AG76>=$AG$4, AH76>=$AH$4)), "4", IF(OR(AE76>=$AE$4, AF76>=$AF$4), "3.5", "3")), "2"), "0") -> 2 | AO76: =IF(P76>=$P$4, IF(Q76>=$Q$4, IF(R76>=$R$4, IF(S76>=$S$4,4,3), 2), 1), 0) -> 0
A77: 72 | B77: jssr23cs@cmrit.ac.in | C77: J SAMRUTHA SRIE | D77: =VLOOKUP(B77,USN!$1:$1088,2,FALSE) -> 1CR23CS075 | E77: 9945661321 | F77: CSE | H77: 84 | I77: 82 | J77: =IFNA(VLOOKUP(D77,'L3'!$1:$2060,2,False),0) -> 73 | K77: =VLOOKUP(D77,'L4'!$1:$2059,2,FALSE) -> 72 | L77: =VLOOKUP(D77,'A1 RETEST 5 DEC'!$1:$2096,2,FALSE) -> 6 | M77: =VLOOKUP(D77,'A2 RETEST 4 DEC'!$1:$2096,2,FALSE) -> 0 | N77: 0 | P77: =IFNA(VLOOKUP(D77,'S1'!$1:$1325,2,False),0) -> 0 | Q77: =IFNA(vlookup(D77,'S2'!A73:B1275,2,False),0) -> 73 | R77: =ifna(vlookup(D77,'S3'!$1:$1311,2,False),0) -> 0 | T77: 10 | U77: 15 | V77: 80 | AA77: 15 | AB77: 0 | AC77: 0 | AD77: 38 | AE77: 10 | AG77: 0 | AK77: =IF(H77>=$H$4, IF(I77>=$I$4, IF(J77>=$J$4, IF(K77>=$K$4, 4, 3), 2), 1), 0) -> 4 | AL77: =IF(L77>=$L$4, IF(M77>=$M$4, IF(N77>=$N$4, IF(O77>=$O$4, 4, 3), 2), 1), 0) -> 0 | AM77: =IF(AND(U77>=$U$4, W77>=$W$4, Y77>=$Y$4, Z77<>"", Z77>=$Z$4), 5, IF(AND(U77>=$U$4, W77>=$W$4, Y77>=$Y$4), 4, IF(AND(U77>=$U$4, W77>=$W$4), 3, IF(AND(T77>=$T$4, U77>=$U$4), 2, 0 ) ) ) ) -> 2 | AN77: =IF(AB77>=$AB$4, IF(OR(AC77>=$AC$4, AD77>=$AD$4), IF(AND(AE77>=$AE$4, AF77>=$AF$4, OR(AG77>=$AG$4, AH77>=$AH$4)), "4", IF(OR(AE77>=$AE$4, AF77>=$AF$4), "3.5", "3")), "2"), "0") -> 0 | AO77: =IF(P77>=$P$4, IF(Q77>=$Q$4, IF(R77>=$R$4, IF(S77>=$S$4,4,3), 2), 1), 0) -> 0
A78: 73 | B78: jast23cs@cmrit.ac.in | C78: JADEN STEVE SAMUEL | D78: =VLOOKUP(B78,USN!$1:$1088,2,FALSE) -> 1CR23CS076 | E78: 8971020283 | F78: CSE | H78: 85 | I78: 81 | J78: =IFNA(VLOOKUP(D78,'L3'!$1:$2060,2,False),0) -> 79 | K78: =VLOOKUP(D78,'L4'!$1:$2059,2,FALSE) -> 19 | L78: =VLOOKUP(D78,'A1 RETEST 5 DEC'!$1:$2096,2,FALSE) -> 77 | M78: =VLOOKUP(D78,'A2 RETEST 4 DEC'!$1:$2096,2,FALSE) -> 35 | N78: 0 | P78: =IFNA(VLOOKUP(D78,'S1'!$1:$1325,2,False),0) -> 0 | Q78: =IFNA(vlookup(D78,'S2'!A74:B1276,2,False),0) -> 0 | R78: =ifna(vlookup(D78,'S3'!$1:$1311,2,False),0) -> 0 | T78: 16 | U78: 21 | V78: 88 | W78: 48 | AA78: 36 | AB78: 65 | AC78: 0 | AD78: 2 | AE78: 10 | AG78: 0 | AK78: =IF(H78>=$H$4, IF(I78>=$I$4, IF(J78>=$J$4, IF(K78>=$K$4, 4, 3), 2), 1), 0) -> 3 | AL78: =IF(L78>=$L$4, IF(M78>=$M$4, IF(N78>=$N$4, IF(O78>=$O$4, 4, 3), 2), 1), 0) -> 1 | AM78: =IF(AND(U78>=$U$4, W78>=$W$4, Y78>=$Y$4, Z78<>"", Z78>=$Z$4), 5, IF(AND(U78>=$U$4, W78>=$W$4, Y78>=$Y$4), 4, IF(AND(U78>=$U$4, W78>=$W$4), 3, IF(AND(T78>=$T$4, U78>=$U$4), 2, 0 ) ) ) ) -> 2 | AN78: =IF(AB78>=$AB$4, IF(OR(AC78>=$AC$4, AD78>=$AD$4), IF(AND(AE78>=$AE$4, AF78>=$AF$4, OR(AG78>=$AG$4, AH78>=$AH$4)), "4", IF(OR(AE78>=$AE$4, AF78>=$AF$4), "3.5", "3")), "2"), "0") -> 2 | AO78: =IF(P78>=$P$4, IF(Q78>=$Q$4, IF(R78>=$R$4, IF(S78>=$S$4,4,3), 2), 1), 0) -> 0
A79: 74 | B79: japa23cs@cmrit.ac.in | C79: JAMES C PATHADAN | D79: =VLOOKUP(B79,USN!$1:$1088,2,FALSE) -> 1CR23CS077 | E79: 8660115168 | F79: CSE | H79: 89 | I79: 87 | J79: =IFNA(VLOOKUP(D79,'L3'!$1:$2060,2,False),0) -> 70 | K79: =VLOOKUP(D79,'L4'!$1:$2059,2,FALSE) -> 80 | L79: =VLOOKUP(D79,'A1 RETEST 5 DEC'!$1:$2096,2,FALSE) -> 58 | M79: =VLOOKUP(D79,'A2 RETEST 4 DEC'!$1:$2096,2,FALSE) -> 8 | N79: 14 | P79: =IFNA(VLOOKUP(D79,'S1'!$1:$1325,2,False),0) -> 70 | Q79: =IFNA(vlookup(D79,'S2'!A75:B1277,2,False),0) -> 75 | R79: =ifna(vlookup(D79,'S3'!$1:$1311,2,False),0) -> 50 | T79: 13 | U79: 16 | V79: 70 | X79: 84 | AA79: 55 | AB79: 63 | AC79: 0 | AD79: 100 | AE79: 30 | AG79: 70 | AK79: =IF(H79>=$H$4, IF(I79>=$I$4, IF(J79>=$J$4, IF(K79>=$K$4, 4, 3), 2), 1), 0) -> 4 | AL79: =IF(L79>=$L$4, IF(M79>=$M$4, IF(N79>=$N$4, IF(O79>=$O$4, 4, 3), 2), 1), 0) -> 1 | AM79: =IF(AND(U79>=$U$4, W79>=$W$4, Y79>=$Y$4, Z79<>"", Z79>=$Z$4), 5, IF(AND(U79>=$U$4, W79>=$W$4, Y79>=$Y$4), 4, IF(AND(U79>=$U$4, W79>=$W$4), 3, IF(AND(T79>=$T$4, U79>=$U$4), 2, 0 ) ) ) ) -> 2 | AN79: =IF(AB79>=$AB$4, IF(OR(AC79>=$AC$4, AD79>=$AD$4), IF(AND(AE79>=$AE$4, AF79>=$AF$4, OR(AG79>=$AG$4, AH79>=$AH$4)), "4", IF(OR(AE79>=$AE$4, AF79>=$AF$4), "3.5", "3")), "2"), "0") -> 3 | AO79: =IF(P79>=$P$4, IF(Q79>=$Q$4, IF(R79>=$R$4, IF(S79>=$S$4,4,3), 2), 1), 0) -> 3
A80: 75 | B80: jan23cs@cmrit.ac.in | C80: JASHWANTH N | D80: =VLOOKUP(B80,USN!$1:$1088,2,FALSE) -> 1CR23CS078 | E80: 6360894827 | F80: CSE | H80: 81 | I80: 80 | J80: =IFNA(VLOOKUP(D80,'L3'!$1:$2060,2,False),0) -> 83 | K80: =VLOOKUP(D80,'L4'!$1:$2059,2,FALSE) -> 79 | L80: =VLOOKUP(D80,'A1 RETEST 5 DEC'!$1:$2096,2,FALSE) -> 53 | M80: =VLOOKUP(D80,'A2 RETEST 4 DEC'!$1:$2096,2,FALSE) -> 53 | N80: 51 | P80: =IFNA(VLOOKUP(D80,'S1'!$1:$1325,2,False),0) -> 76 | Q80: =IFNA(vlookup(D80,'S2'!A76:B1278,2,False),0) -> 65 | R80: =ifna(vlookup(D80,'S3'!$1:$1311,2,False),0) -> 80 | T80: 13 | U80: 15 | V80: 76 | W80: 64 | X80: 84 | AA80: 94 | AB80: 96.25 | AC80: 93.5 | AD80: 60 | AE80: 89 | AG80: 72 | AK80: =IF(H80>=$H$4, IF(I80>=$I$4, IF(J80>=$J$4, IF(K80>=$K$4, 4, 3), 2), 1), 0) -> 4 | AL80: =IF(L80>=$L$4, IF(M80>=$M$4, IF(N80>=$N$4, IF(O80>=$O$4, 4, 3), 2), 1), 0) -> 3 | AM80: =IF(AND(U80>=$U$4, W80>=$W$4, Y80>=$Y$4, Z80<>"", Z80>=$Z$4), 5, IF(AND(U80>=$U$4, W80>=$W$4, Y80>=$Y$4), 4, IF(AND(U80>=$U$4, W80>=$W$4), 3, IF(AND(T80>=$T$4, U80>=$U$4), 2, 0 ) ) ) ) -> 3 | AN80: =IF(AB80>=$AB$4, IF(OR(AC80>=$AC$4, AD80>=$AD$4), IF(AND(AE80>=$AE$4, AF80>=$AF$4, OR(AG80>=$AG$4, AH80>=$AH$4)), "4", IF(OR(AE80>=$AE$4, AF80>=$AF$4), "3.5", "3")), "2"), "0") -> 3.5 | AO80: =IF(P80>=$P$4, IF(Q80>=$Q$4, IF(R80>=$R$4, IF(S80>=$S$4,4,3), 2), 1), 0) -> 3
A81: 76 | B81: jave23cs@cmrit.ac.in | C81: JATIN VERMA | D81: =VLOOKUP(B81,USN!$1:$1088,2,FALSE) -> 1CR23CS079 | E81: 7889415119 | F81: CSE | H81: 70 | I81: 70 | J81: =IFNA(VLOOKUP(D81,'L3'!$1:$2060,2,False),0) -> 36 | K81: =VLOOKUP(D81,'L4'!$1:$2059,2,FALSE) -> 70 | L81: =VLOOKUP(D81,'A1 RETEST 5 DEC'!$1:$2096,2,FALSE) -> 37 | M81: =VLOOKUP(D81,'A2 RETEST 4 DEC'!$1:$2096,2,FALSE) -> 18 | N81: 0 | P81: =IFNA(VLOOKUP(D81,'S1'!$1:$1325,2,False),0) -> 50 | Q81: =IFNA(vlookup(D81,'S2'!A77:B1279,2,False),0) -> 50 | R81: =ifna(vlookup(D81,'S3'!$1:$1311,2,False),0) -> 50 | T81: 13 | U81: 16 | V81: 76 | AA81: 50 | AB81: 55 | AC81: 0 | AD81: 0 | AE81: 10 | AG81: 0 | AK81: =IF(H81>=$H$4, IF(I81>=$I$4, IF(J81>=$J$4, IF(K81>=$K$4, 4, 3), 2), 1), 0) -> 2 | AL81: =IF(L81>=$L$4, IF(M81>=$M$4, IF(N81>=$N$4, IF(O81>=$O$4, 4, 3), 2), 1), 0) -> 0 | AM81: =IF(AND(U81>=$U$4, W81>=$W$4, Y81>=$Y$4, Z81<>"", Z81>=$Z$4), 5, IF(AND(U81>=$U$4, W81>=$W$4, Y81>=$Y$4), 4, IF(AND(U81>=$U$4, W81>=$W$4), 3, IF(AND(T81>=$T$4, U81>=$U$4), 2, 0 ) ) ) ) -> 2 | AN81: =IF(AB81>=$AB$4, IF(OR(AC81>=$AC$4, AD81>=$AD$4), IF(AND(AE81>=$AE$4, AF81>=$AF$4, OR(AG81>=$AG$4, AH81>=$AH$4)), "4", IF(OR(AE81>=$AE$4, AF81>=$AF$4), "3.5", "3")), "2"), "0") -> 2 | AO81: =IF(P81>=$P$4, IF(Q81>=$Q$4, IF(R81>=$R$4, IF(S81>=$S$4,4,3), 2), 1), 0) -> 3
A82: 77 | B82: jel23cs@cmrit.ac.in | C82: JEEVAN L | D82: =VLOOKUP(B82,USN!$1:$1088,2,FALSE) -> 1CR23CS080 | E82: 7483841806 | F82: CSE | H82: 72 | I82: 81 | J82: =IFNA(VLOOKUP(D82,'L3'!$1:$2060,2,False),0) -> 70 | K82: =VLOOKUP(D82,'L4'!$1:$2059,2,FALSE) -> 70 | L82: =VLOOKUP(D82,'A1 RETEST 5 DEC'!$1:$2096,2,FALSE) -> 50 | M82: =VLOOKUP(D82,'A2 RETEST 4 DEC'!$1:$2096,2,FALSE) -> 50 | N82: 50 | P82: =IFNA(VLOOKUP(D82,'S1'!$1:$1325,2,False),0) -> 50 | Q82: =IFNA(vlookup(D82,'S2'!A78:B1280,2,False),0) -> 65 | R82: =ifna(vlookup(D82,'S3'!$1:$1311,2,False),0) -> 83 | T82: 21 | U82: 20 | V82: 84 | W82: 72 | X82: 80 | AA82: 80 | AB82: 68 | AC82: 40 | AD82: 100 | AE82: 45 | AG82: 5 | AK82: =IF(H82>=$H$4, IF(I82>=$I$4, IF(J82>=$J$4, IF(K82>=$K$4, 4, 3), 2), 1), 0) -> 4 | AL82: =IF(L82>=$L$4, IF(M82>=$M$4, IF(N82>=$N$4, IF(O82>=$O$4, 4, 3), 2), 1), 0) -> 3 | AM82: =IF(AND(U82>=$U$4, W82>=$W$4, Y82>=$Y$4, Z82<>"", Z82>=$Z$4), 5, IF(AND(U82>=$U$4, W82>=$W$4, Y82>=$Y$4), 4, IF(AND(U82>=$U$4, W82>=$W$4), 3, IF(AND(T82>=$T$4, U82>=$U$4), 2, 0 ) ) ) ) -> 3 | AN82: =IF(AB82>=$AB$4, IF(OR(AC82>=$AC$4, AD82>=$AD$4), IF(AND(AE82>=$AE$4, AF82>=$AF$4, OR(AG82>=$AG$4, AH82>=$AH$4)), "4", IF(OR(AE82>=$AE$4, AF82>=$AF$4), "3.5", "3")), "2"), "0") -> 3 | AO82: =IF(P82>=$P$4, IF(Q82>=$Q$4, IF(R82>=$R$4, IF(S82>=$S$4,4,3), 2), 1), 0) -> 3
A83: 78 | B83: jeb23cs@cmrit.ac.in | C83: JEYVARDAN B | D83: =VLOOKUP(B83,USN!$1:$1088,2,FALSE) -> 1CR23CS081 | E83: 8431034006 | F83: CSE | H83: 84 | I83: 70 | J83: =IFNA(VLOOKUP(D83,'L3'!$1:$2060,2,False),0) -> 80 | K83: =VLOOKUP(D83,'L4'!$1:$2059,2,FALSE) -> 70 | L83: =VLOOKUP(D83,'A1 RETEST 5 DEC'!$1:$2096,2,FALSE) -> 46 | M83: =VLOOKUP(D83,'A2 RETEST 4 DEC'!$1:$2096,2,FALSE) -> 22 | N83: 33 | P83: =IFNA(VLOOKUP(D83,'S1'!$1:$1325,2,False),0) -> 77 | Q83: =IFNA(vlookup(D83,'S2'!A79:B1281,2,False),0) -> 75 | R83: =ifna(vlookup(D83,'S3'!$1:$1311,2,False),0) -> 79 | T83: 11 | U83: 21 | V83: 52 | W83: 28 | AA83: 80 | AB83: 100 | AC83: 98 | AD83: 81 | AE83: 87 | AG83: 72 | AK83: =IF(H83>=$H$4, IF(I83>=$I$4, IF(J83>=$J$4, IF(K83>=$K$4, 4, 3), 2), 1), 0) -> 4 | AL83: =IF(L83>=$L$4, IF(M83>=$M$4, IF(N83>=$N$4, IF(O83>=$O$4, 4, 3), 2), 1), 0) -> 0 | AM83: =IF(AND(U83>=$U$4, W83>=$W$4, Y83>=$Y$4, Z83<>"", Z83>=$Z$4), 5, IF(AND(U83>=$U$4, W83>=$W$4, Y83>=$Y$4), 4, IF(AND(U83>=$U$4, W83>=$W$4), 3, IF(AND(T83>=$T$4, U83>=$U$4), 2, 0 ) ) ) ) -> 2 | AN83: =IF(AB83>=$AB$4, IF(OR(AC83>=$AC$4, AD83>=$AD$4), IF(AND(AE83>=$AE$4, AF83>=$AF$4, OR(AG83>=$AG$4, AH83>=$AH$4)), "4", IF(OR(AE83>=$AE$4, AF83>=$AF$4), "3.5", "3")), "2"), "0") -> 3.5 | AO83: =IF(P83>=$P$4, IF(Q83>=$Q$4, IF(R83>=$R$4, IF(S83>=$S$4,4,3), 2), 1), 0) -> 3
A84: 79 | B84: krga23cs@cmrit.ac.in | C84: K R GANESH SAI | D84: =VLOOKUP(B84,USN!$1:$1088,2,FALSE) -> 1CR23CS082 | E84: 9346659044 | F84: CSE | H84: 78 | I84: 83 | J84: =IFNA(VLOOKUP(D84,'L3'!$1:$2060,2,False),0) -> 70 | K84: =VLOOKUP(D84,'L4'!$1:$2059,2,FALSE) -> 74 | L84: =VLOOKUP(D84,'A1 RETEST 5 DEC'!$1:$2096,2,FALSE) -> 50 | M84: =VLOOKUP(D84,'A2 RETEST 4 DEC'!$1:$2096,2,FALSE) -> 50 | N84: 50 | P84: =IFNA(VLOOKUP(D84,'S1'!$1:$1325,2,False),0) -> 71 | Q84: =IFNA(vlookup(D84,'S2'!A80:B1282,2,False),0) -> 62 | R84: =ifna(vlookup(D84,'S3'!$1:$1311,2,False),0) -> 66 | T84: 13 | U84: Ab | V84: 80 | W84: 44 | X84: 50 | AA84: 86 | AB84: 90 | AC84: 46.5 | AD84: 34 | AE84: 10 | AG84: 10 | AK84: =IF(H84>=$H$4, IF(I84>=$I$4, IF(J84>=$J$4, IF(K84>=$K$4, 4, 3), 2), 1), 0) -> 4 | AL84: =IF(L84>=$L$4, IF(M84>=$M$4, IF(N84>=$N$4, IF(O84>=$O$4, 4, 3), 2), 1), 0) -> 3 | AM84: =IF(AND(U84>=$U$4, W84>=$W$4, Y84>=$Y$4, Z84<>"", Z84>=$Z$4), 5, IF(AND(U84>=$U$4, W84>=$W$4, Y84>=$Y$4), 4, IF(AND(U84>=$U$4, W84>=$W$4), 3, IF(AND(T84>=$T$4, U84>=$U$4), 2, 0 ) ) ) ) -> 2 | AN84: =IF(AB84>=$AB$4, IF(OR(AC84>=$AC$4, AD84>=$AD$4), IF(AND(AE84>=$AE$4, AF84>=$AF$4, OR(AG84>=$AG$4, AH84>=$AH$4)), "4", IF(OR(AE84>=$AE$4, AF84>=$AF$4), "3.5", "3")), "2"), "0") -> 2 | AO84: =IF(P84>=$P$4, IF(Q84>=$Q$4, IF(R84>=$R$4, IF(S84>=$S$4,4,3), 2), 1), 0) -> 3
A85: 80 | B85: ka23cs@cmrit.ac.in | C85: Kalpa | D85: =VLOOKUP(B85,USN!$1:$1088,2,FALSE) -> 1CR23CS083 | E85: 7338407649 | F85: CSE | H85: 70 | I85: 73 | J85: =IFNA(VLOOKUP(D85,'L3'!$1:$2060,2,False),0) -> 70 | K85: =VLOOKUP(D85,'L4'!$1:$2059,2,FALSE) -> 65 | L85: =VLOOKUP(D85,'A1 RETEST 5 DEC'!$1:$2096,2,FALSE) -> 41 | M85: =VLOOKUP(D85,'A2 RETEST 4 DEC'!$1:$2096,2,FALSE) -> 3 | N85: 19 | P85: =IFNA(VLOOKUP(D85,'S1'!$1:$1325,2,False),0) -> 82 | Q85: =IFNA(vlookup(D85,'S2'!A81:B1283,2,False),0) -> 66 | R85: =ifna(vlookup(D85,'S3'!$1:$1311,2,False),0) -> 0 | T85: 20 | U85: 17 | V85: 84 | AA85: 98.8 | AB85: 61.25 | AC85: 0 | AD85: 32 | AE85: 10 | AG85: 10 | AK85: =IF(H85>=$H$4, IF(I85>=$I$4, IF(J85>=$J$4, IF(K85>=$K$4, 4, 3), 2), 1), 0) -> 3 | AL85: =IF(L85>=$L$4, IF(M85>=$M$4, IF(N85>=$N$4, IF(O85>=$O$4, 4, 3), 2), 1), 0) -> 0 | AM85: =IF(AND(U85>=$U$4, W85>=$W$4, Y85>=$Y$4, Z85<>"", Z85>=$Z$4), 5, IF(AND(U85>=$U$4, W85>=$W$4, Y85>=$Y$4), 4, IF(AND(U85>=$U$4, W85>=$W$4), 3, IF(AND(T85>=$T$4, U85>=$U$4), 2, 0 ) ) ) ) -> 2 | AN85: =IF(AB85>=$AB$4, IF(OR(AC85>=$AC$4, AD85>=$AD$4), IF(AND(AE85>=$AE$4, AF85>=$AF$4, OR(AG85>=$AG$4, AH85>=$AH$4)), "4", IF(OR(AE85>=$AE$4, AF85>=$AF$4), "3.5", "3")), "2"), "0") -> 2 | AO85: =IF(P85>=$P$4, IF(Q85>=$Q$4, IF(R85>=$R$4, IF(S85>=$S$4,4,3), 2), 1), 0) -> 2
A86: 81 | B86: kaku23cs@cmrit.ac.in | C86: KASTURI KUMARI | D86: =VLOOKUP(B86,USN!$1:$1088,2,FALSE) -> 1CR23CS084 | E86: 8595584105 | F86: CSE | H86: 91 | I86: 93 | J86: =IFNA(VLOOKUP(D86,'L3'!$1:$2060,2,False),0) -> 76 | K86: =VLOOKUP(D86,'L4'!$1:$2059,2,FALSE) -> 79 | L86: =VLOOKUP(D86,'A1 RETEST 5 DEC'!$1:$2096,2,FALSE) -> 70 | M86: =VLOOKUP(D86,'A2 RETEST 4 DEC'!$1:$2096,2,FALSE) -> 50 | N86: 53 | P86: =IFNA(VLOOKUP(D86,'S1'!$1:$1325,2,False),0) -> 72 | Q86: =IFNA(vlookup(D86,'S2'!A82:B1284,2,False),0) -> 69 | R86: =ifna(vlookup(D86,'S3'!$1:$1311,2,False),0) -> 78 | T86: 10 | U86: 19 | V86: 52 | W86: 60 | X86: 50 | AA86: 77 | AB86: 95 | AC86: 70 | AD86: 90 | AE86: 76 | AG86: 21 | AK86: =IF(H86>=$H$4, IF(I86>=$I$4, IF(J86>=$J$4, IF(K86>=$K$4, 4, 3), 2), 1), 0) -> 4 | AL86: =IF(L86>=$L$4, IF(M86>=$M$4, IF(N86>=$N$4, IF(O86>=$O$4, 4, 3), 2), 1), 0) -> 3 | AM86: =IF(AND(U86>=$U$4, W86>=$W$4, Y86>=$Y$4, Z86<>"", Z86>=$Z$4), 5, IF(AND(U86>=$U$4, W86>=$W$4, Y86>=$Y$4), 4, IF(AND(U86>=$U$4, W86>=$W$4), 3, IF(AND(T86>=$T$4, U86>=$U$4), 2, 0 ) ) ) ) -> 3 | AN86: =IF(AB86>=$AB$4, IF(OR(AC86>=$AC$4, AD86>=$AD$4), IF(AND(AE86>=$AE$4, AF86>=$AF$4, OR(AG86>=$AG$4, AH86>=$AH$4)), "4", IF(OR(AE86>=$AE$4, AF86>=$AF$4), "3.5", "3")), "2"), "0") -> 3.5 | AO86: =IF(P86>=$P$4, IF(Q86>=$Q$4, IF(R86>=$R$4, IF(S86>=$S$4,4,3), 2), 1), 0) -> 3
A87: 82 | B87: kata23cs@cmrit.ac.in | C87: KAUSHITH T A | D87: =VLOOKUP(B87,USN!$1:$1088,2,FALSE) -> 1CR23CS085 | E87: 8217302427 | F87: CSE | H87: 79 | I87: 83 | J87: =IFNA(VLOOKUP(D87,'L3'!$1:$2060,2,False),0) -> 70 | K87: =VLOOKUP(D87,'L4'!$1:$2059,2,FALSE) -> 58 | L87: =VLOOKUP(D87,'A1 RETEST 5 DEC'!$1:$2096,2,FALSE) -> 32 | M87: =VLOOKUP(D87,'A2 RETEST 4 DEC'!$1:$2096,2,FALSE) -> 33 | N87: 9 | P87: =IFNA(VLOOKUP(D87,'S1'!$1:$1325,2,False),0) -> 0 | Q87: =IFNA(vlookup(D87,'S2'!A83:B1285,2,False),0) -> 65 | R87: =ifna(vlookup(D87,'S3'!$1:$1311,2,False),0) -> 0 | T87: 19 | U87: 21 | V87: 80 | W87: 64 | AA87: 50 | AB87: 65 | AC87: 70 | AD87: 60 | AE87: 57 | AG87: 0 | AK87: =IF(H87>=$H$4, IF(I87>=$I$4, IF(J87>=$J$4, IF(K87>=$K$4, 4, 3), 2), 1), 0) -> 3 | AL87: =IF(L87>=$L$4, IF(M87>=$M$4, IF(N87>=$N$4, IF(O87>=$O$4, 4, 3), 2), 1), 0) -> 0 | AM87: =IF(AND(U87>=$U$4, W87>=$W$4, Y87>=$Y$4, Z87<>"", Z87>=$Z$4), 5, IF(AND(U87>=$U$4, W87>=$W$4, Y87>=$Y$4), 4, IF(AND(U87>=$U$4, W87>=$W$4), 3, IF(AND(T87>=$T$4, U87>=$U$4), 2, 0 ) ) ) ) -> 3 | AN87: =IF(AB87>=$AB$4, IF(OR(AC87>=$AC$4, AD87>=$AD$4), IF(AND(AE87>=$AE$4, AF87>=$AF$4, OR(AG87>=$AG$4, AH87>=$AH$4)), "4", IF(OR(AE87>=$AE$4, AF87>=$AF$4), "3.5", "3")), "2"), "0") -> 3 | AO87: =IF(P87>=$P$4, IF(Q87>=$Q$4, IF(R87>=$R$4, IF(S87>=$S$4,4,3), 2), 1), 0) -> 0
A88: 83 | B88: kakl23cs@cmrit.ac.in | C88: Kavin KL | D88: =VLOOKUP(B88,USN!$1:$1088,2,FALSE) -> 1CR23CS086 | E88: 8939119549 | F88: CSE | H88: 80 | I88: 86 | J88: =IFNA(VLOOKUP(D88,'L3'!$1:$2060,2,False),0) -> 45 | K88: =VLOOKUP(D88,'L4'!$1:$2059,2,FALSE) -> 55 | L88: =VLOOKUP(D88,'A1 RETEST 5 DEC'!$1:$2096,2,FALSE) -> 44 | M88: =VLOOKUP(D88,'A2 RETEST 4 DEC'!$1:$2096,2,FALSE) -> 25 | N88: 5 | P88: =IFNA(VLOOKUP(D88,'S1'!$1:$1325,2,False),0) -> 70 | Q88: =IFNA(vlookup(D88,'S2'!A84:B1286,2,False),0) -> 0 | R88: =ifna(vlookup(D88,'S3'!$1:$1311,2,False),0) -> 0 | T88: 12 | U88: 14 | V88: 32 | AA88: 84 | AB88: 98 | AC88: 0 | AD88: 7 | AE88: 10 | AG88: 31 | AK88: =IF(H88>=$H$4, IF(I88>=$I$4, IF(J88>=$J$4, IF(K88>=$K$4, 4, 3), 2), 1), 0) -> 2 | AL88: =IF(L88>=$L$4, IF(M88>=$M$4, IF(N88>=$N$4, IF(O88>=$O$4, 4, 3), 2), 1), 0) -> 0 | AM88: =IF(AND(U88>=$U$4, W88>=$W$4, Y88>=$Y$4, Z88<>"", Z88>=$Z$4), 5, IF(AND(U88>=$U$4, W88>=$W$4, Y88>=$Y$4), 4, IF(AND(U88>=$U$4, W88>=$W$4), 3, IF(AND(T88>=$T$4, U88>=$U$4), 2, 0 ) ) ) ) -> 2 | AN88: =IF(AB88>=$AB$4, IF(OR(AC88>=$AC$4, AD88>=$AD$4), IF(AND(AE88>=$AE$4, AF88>=$AF$4, OR(AG88>=$AG$4, AH88>=$AH$4)), "4", IF(OR(AE88>=$AE$4, AF88>=$AF$4), "3.5", "3")), "2"), "0") -> 2 | AO88: =IF(P88>=$P$4, IF(Q88>=$Q$4, IF(R88>=$R$4, IF(S88>=$S$4,4,3), 2), 1), 0) -> 1
A89: 84 | B89: ke23cs@cmrit.ac.in | C89: KEERTHANA KT | D89: =VLOOKUP(B89,USN!$1:$1088,2,FALSE) -> 1CR23CS087 | E89: 9686872417 | F89: CSE | H89: 80 | I89: 77 | J89: =IFNA(VLOOKUP(D89,'L3'!$1:$2060,2,False),0) -> 62 | K89: =VLOOKUP(D89,'L4'!$1:$2059,2,FALSE) -> 40 | L89: =VLOOKUP(D89,'A1 RETEST 5 DEC'!$1:$2096,2,FALSE) -> 40 | M89: =VLOOKUP(D89,'A2 RETEST 4 DEC'!$1:$2096,2,FALSE) -> 6 | N89: 0 | P89: =IFNA(VLOOKUP(D89,'S1'!$1:$1325,2,False),0) -> 82 | Q89: =IFNA(vlookup(D89,'S2'!A85:B1287,2,False),0) -> 0 | R89: =ifna(vlookup(D89,'S3'!$1:$1311,2,False),0) -> 0 | T89: 11 | U89: 22 | V89: 60 | AA89: 76 | AB89: 65 | AC89: 0 | AD89: 0 | AE89: 10 | AG89: 0 | AK89: =IF(H89>=$H$4, IF(I89>=$I$4, IF(J89>=$J$4, IF(K89>=$K$4, 4, 3), 2), 1), 0) -> 2 | AL89: =IF(L89>=$L$4, IF(M89>=$M$4, IF(N89>=$N$4, IF(O89>=$O$4, 4, 3), 2), 1), 0) -> 0 | AM89: =IF(AND(U89>=$U$4, W89>=$W$4, Y89>=$Y$4, Z89<>"", Z89>=$Z$4), 5, IF(AND(U89>=$U$4, W89>=$W$4, Y89>=$Y$4), 4, IF(AND(U89>=$U$4, W89>=$W$4), 3, IF(AND(T89>=$T$4, U89>=$U$4), 2, 0 ) ) ) ) -> 2 | AN89: =IF(AB89>=$AB$4, IF(OR(AC89>=$AC$4, AD89>=$AD$4), IF(AND(AE89>=$AE$4, AF89>=$AF$4, OR(AG89>=$AG$4, AH89>=$AH$4)), "4", IF(OR(AE89>=$AE$4, AF89>=$AF$4), "3.5", "3")), "2"), "0") -> 2 | AO89: =IF(P89>=$P$4, IF(Q89>=$Q$4, IF(R89>=$R$4, IF(S89>=$S$4,4,3), 2), 1), 0) -> 1
A90: 85 | B90: kepa23cs@cmrit.ac.in | C90: Keerti Uday Patil | D90: =VLOOKUP(B90,USN!$1:$1088,2,FALSE) -> 1CR23CS088 | E90: 7892240860 | F90: CSE | H90: 84 | I90: 93 | J90: =IFNA(VLOOKUP(D90,'L3'!$1:$2060,2,False),0) -> 87 | K90: =VLOOKUP(D90,'L4'!$1:$2059,2,FALSE) -> 86 | L90: =VLOOKUP(D90,'A1 RETEST 5 DEC'!$1:$2096,2,FALSE) -> 56 | M90: =VLOOKUP(D90,'A2 RETEST 4 DEC'!$1:$2096,2,FALSE) -> 50 | N90: 61 | P90: =IFNA(VLOOKUP(D90,'S1'!$1:$1325,2,False),0) -> 80 | Q90: =IFNA(vlookup(D90,'S2'!A86:B1288,2,False),0) -> 90 | R90: =ifna(vlookup(D90,'S3'!$1:$1311,2,False),0) -> 85 | T90: 18 | U90: 15 | V90: 76 | W90: 48 | X90: 88 | AA90: 100 | AB90: 100 | AC90: 91.5 | AD90: 100 | AE90: 88 | AG90: 86 | AK90: =IF(H90>=$H$4, IF(I90>=$I$4, IF(J90>=$J$4, IF(K90>=$K$4, 4, 3), 2), 1), 0) -> 4 | AL90: =IF(L90>=$L$4, IF(M90>=$M$4, IF(N90>=$N$4, IF(O90>=$O$4, 4, 3), 2), 1), 0) -> 3 | AM90: =IF(AND(U90>=$U$4, W90>=$W$4, Y90>=$Y$4, Z90<>"", Z90>=$Z$4), 5, IF(AND(U90>=$U$4, W90>=$W$4, Y90>=$Y$4), 4, IF(AND(U90>=$U$4, W90>=$W$4), 3, IF(AND(T90>=$T$4, U90>=$U$4), 2, 0 ) ) ) ) -> 2 | AN90: =IF(AB90>=$AB$4, IF(OR(AC90>=$AC$4, AD90>=$AD$4), IF(AND(AE90>=$AE$4, AF90>=$AF$4, OR(AG90>=$AG$4, AH90>=$AH$4)), "4", IF(OR(AE90>=$AE$4, AF90>=$AF$4), "3.5", "3")), "2"), "0") -> 3.5 | AO90: =IF(P90>=$P$4, IF(Q90>=$Q$4, IF(R90>=$R$4, IF(S90>=$S$4,4,3), 2), 1), 0) -> 3
A91: 86 | B91: kivr23cs@cmrit.ac.in | C91: Kiran V R | D91: =VLOOKUP(B91,USN!$1:$1088,2,FALSE) -> 1CR23CS089 | E91: 6006901074 | F91: CSE | H91: 70 | I91: 70 | J91: =IFNA(VLOOKUP(D91,'L3'!$1:$2060,2,False),0) -> 70 | K91: =VLOOKUP(D91,'L4'!$1:$2059,2,FALSE) -> 70 | L91: =VLOOKUP(D91,'A1 RETEST 5 DEC'!$1:$2096,2,FALSE) -> 50 | M91: =VLOOKUP(D91,'A2 RETEST 4 DEC'!$1:$2096,2,FALSE) -> 50 | N91: 50 | P91: =IFNA(VLOOKUP(D91,'S1'!$1:$1325,2,False),0) -> 72 | Q91: =IFNA(vlookup(D91,'S2'!A87:B1289,2,False),0) -> 62 | R91: =ifna(vlookup(D91,'S3'!$1:$1311,2,False),0) -> 70 | T91: 20 | U91: 20 | V91: 70 | W91: 32 | X91: 62 | AA91: 78 | AB91: 86.25 | AC91: 60 | AD91: 70 | AE91: 74 | AG91: 66 | AK91: =IF(H91>=$H$4, IF(I91>=$I$4, IF(J91>=$J$4, IF(K91>=$K$4, 4, 3), 2), 1), 0) -> 4 | AL91: =IF(L91>=$L$4, IF(M91>=$M$4, IF(N91>=$N$4, IF(O91>=$O$4, 4, 3), 2), 1), 0) -> 3 | AM91: =IF(AND(U91>=$U$4, W91>=$W$4, Y91>=$Y$4, Z91<>"", Z91>=$Z$4), 5, IF(AND(U91>=$U$4, W91>=$W$4, Y91>=$Y$4), 4, IF(AND(U91>=$U$4, W91>=$W$4), 3, IF(AND(T91>=$T$4, U91>=$U$4), 2, 0 ) ) ) ) -> 2 | AN91: =IF(AB91>=$AB$4, IF(OR(AC91>=$AC$4, AD91>=$AD$4), IF(AND(AE91>=$AE$4, AF91>=$AF$4, OR(AG91>=$AG$4, AH91>=$AH$4)), "4", IF(OR(AE91>=$AE$4, AF91>=$AF$4), "3.5", "3")), "2"), "0") -> 3.5 | AO91: =IF(P91>=$P$4, IF(Q91>=$Q$4, IF(R91>=$R$4, IF(S91>=$S$4,4,3), 2), 1), 0) -> 3
A92: 87 | B92: kova23cs@cmrit.ac.in | C92: KOLLI VAISHNAVI | D92: =VLOOKUP(B92,USN!$1:$1088,2,FALSE) -> 1CR23CS090 | E92: 9731610699 | F92: CSE | H92: 84 | I92: 89 | J92: =IFNA(VLOOKUP(D92,'L3'!$1:$2060,2,False),0) -> 79 | K92: =VLOOKUP(D92,'L4'!$1:$2059,2,FALSE) -> 80 | L92: =VLOOKUP(D92,'A1 RETEST 5 DEC'!$1:$2096,2,FALSE) -> 75 | M92: =VLOOKUP(D92,'A2 RETEST 4 DEC'!$1:$2096,2,FALSE) -> 50 | N92: 62 | P92: =IFNA(VLOOKUP(D92,'S1'!$1:$1325,2,False),0) -> 84 | Q92: =IFNA(vlookup(D92,'S2'!A88:B1290,2,False),0) -> 66 | R92: =ifna(vlookup(D92,'S3'!$1:$1311,2,False),0) -> 79 | T92: 12 | U92: 20 | V92: 68 | W92: 48 | X92: 62 | AA92: 80 | AB92: 100 | AC92: 99.5 | AD92: 68 | AE92: 74 | AG92: 83 | AK92: =IF(H92>=$H$4, IF(I92>=$I$4, IF(J92>=$J$4, IF(K92>=$K$4, 4, 3), 2), 1), 0) -> 4 | AL92: =IF(L92>=$L$4, IF(M92>=$M$4, IF(N92>=$N$4, IF(O92>=$O$4, 4, 3), 2), 1), 0) -> 3 | AM92: =IF(AND(U92>=$U$4, W92>=$W$4, Y92>=$Y$4, Z92<>"", Z92>=$Z$4), 5, IF(AND(U92>=$U$4, W92>=$W$4, Y92>=$Y$4), 4, IF(AND(U92>=$U$4, W92>=$W$4), 3, IF(AND(T92>=$T$4, U92>=$U$4), 2, 0 ) ) ) ) -> 2 | AN92: =IF(AB92>=$AB$4, IF(OR(AC92>=$AC$4, AD92>=$AD$4), IF(AND(AE92>=$AE$4, AF92>=$AF$4, OR(AG92>=$AG$4, AH92>=$AH$4)), "4", IF(OR(AE92>=$AE$4, AF92>=$AF$4), "3.5", "3")), "2"), "0") -> 3.5 | AO92: =IF(P92>=$P$4, IF(Q92>=$Q$4, IF(R92>=$R$4, IF(S92>=$S$4,4,3), 2), 1), 0) -> 3
A93: 88 | B93: krku23cs@cmrit.ac.in | C93: KRITI KUMARI | D93: =VLOOKUP(B93,USN!$1:$1088,2,FALSE) -> 1CR23CS091 | E93: 8210303235 | F93: CSE | H93: 89 | I93: 86 | J93: =IFNA(VLOOKUP(D93,'L3'!$1:$2060,2,False),0) -> 70 | K93: =VLOOKUP(D93,'L4'!$1:$2059,2,FALSE) -> 70 | L93: =VLOOKUP(D93,'A1 RETEST 5 DEC'!$1:$2096,2,FALSE) -> 60 | M93: =VLOOKUP(D93,'A2 RETEST 4 DEC'!$1:$2096,2,FALSE) -> 50 | N93: 6 | P93: =IFNA(VLOOKUP(D93,'S1'!$1:$1325,2,False),0) -> 50 | Q93: =IFNA(vlookup(D93,'S2'!A89:B1291,2,False),0) -> 65 | R93: =ifna(vlookup(D93,'S3'!$1:$1311,2,False),0) -> 71 | T93: 19 | U93: 18 | V93: 72 | W93: 48 | X93: 82 | AA93: 30 | AB93: 79 | AC93: 80 | AD93: 88 | AE93: 10 | AG93: 27 | AK93: =IF(H93>=$H$4, IF(I93>=$I$4, IF(J93>=$J$4, IF(K93>=$K$4, 4, 3), 2), 1), 0) -> 4 | AL93: =IF(L93>=$L$4, IF(M93>=$M$4, IF(N93>=$N$4, IF(O93>=$O$4, 4, 3), 2), 1), 0) -> 2 | AM93: =IF(AND(U93>=$U$4, W93>=$W$4, Y93>=$Y$4, Z93<>"", Z93>=$Z$4), 5, IF(AND(U93>=$U$4, W93>=$W$4, Y93>=$Y$4), 4, IF(AND(U93>=$U$4, W93>=$W$4), 3, IF(AND(T93>=$T$4, U93>=$U$4), 2, 0 ) ) ) ) -> 2 | AN93: =IF(AB93>=$AB$4, IF(OR(AC93>=$AC$4, AD93>=$AD$4), IF(AND(AE93>=$AE$4, AF93>=$AF$4, OR(AG93>=$AG$4, AH93>=$AH$4)), "4", IF(OR(AE93>=$AE$4, AF93>=$AF$4), "3.5", "3")), "2"), "0") -> 3 | AO93: =IF(P93>=$P$4, IF(Q93>=$Q$4, IF(R93>=$R$4, IF(S93>=$S$4,4,3), 2), 1), 0) -> 3
A94: 89 | B94: kr23cs@cmrit.ac.in | C94: KRUTHI | D94: =VLOOKUP(B94,USN!$1:$1088,2,FALSE) -> 1CR23CS092 | E94: 9019642103 | F94: CSE | H94: 79 | I94: 85 | J94: =IFNA(VLOOKUP(D94,'L3'!$1:$2060,2,False),0) -> 70 | K94: =VLOOKUP(D94,'L4'!$1:$2059,2,FALSE) -> 79 | L94: =VLOOKUP(D94,'A1 RETEST 5 DEC'!$1:$2096,2,FALSE) -> 50 | M94: =VLOOKUP(D94,'A2 RETEST 4 DEC'!$1:$2096,2,FALSE) -> 8 | N94: 50 | P94: =IFNA(VLOOKUP(D94,'S1'!$1:$1325,2,False),0) -> 82 | Q94: =IFNA(vlookup(D94,'S2'!A90:B1292,2,False),0) -> 72 | R94: =ifna(vlookup(D94,'S3'!$1:$1311,2,False),0) -> 88 | T94: 20 | U94: 17 | V94: 70 | W94: 40 | X94: 92 | AA94: 100 | AB94: 92.5 | AC94: 54.5 | AD94: 80 | AE94: 52 | AG94: 75 | AK94: =IF(H94>=$H$4, IF(I94>=$I$4, IF(J94>=$J$4, IF(K94>=$K$4, 4, 3), 2), 1), 0) -> 4 | AL94: =IF(L94>=$L$4, IF(M94>=$M$4, IF(N94>=$N$4, IF(O94>=$O$4, 4, 3), 2), 1), 0) -> 1 | AM94: =IF(AND(U94>=$U$4, W94>=$W$4, Y94>=$Y$4, Z94<>"", Z94>=$Z$4), 5, IF(AND(U94>=$U$4, W94>=$W$4, Y94>=$Y$4), 4, IF(AND(U94>=$U$4, W94>=$W$4), 3, IF(AND(T94>=$T$4, U94>=$U$4), 2, 0 ) ) ) ) -> 2 | AN94: =IF(AB94>=$AB$4, IF(OR(AC94>=$AC$4, AD94>=$AD$4), IF(AND(AE94>=$AE$4, AF94>=$AF$4, OR(AG94>=$AG$4, AH94>=$AH$4)), "4", IF(OR(AE94>=$AE$4, AF94>=$AF$4), "3.5", "3")), "2"), "0") -> 3 | AO94: =IF(P94>=$P$4, IF(Q94>=$Q$4, IF(R94>=$R$4, IF(S94>=$S$4,4,3), 2), 1), 0) -> 3
A95: 90 | B95: kuga23cs@cmrit.ac.in | C95: KUMAR GAURAV | D95: =VLOOKUP(B95,USN!$1:$1088,2,FALSE) -> 1CR23CS093 | E95: 8766313590 | F95: CSE | H95: 81 | I95: 84 | J95: =IFNA(VLOOKUP(D95,'L3'!$1:$2060,2,False),0) -> 70 | K95: =VLOOKUP(D95,'L4'!$1:$2059,2,FALSE) -> 70 | L95: =VLOOKUP(D95,'A1 RETEST 5 DEC'!$1:$2096,2,FALSE) -> 54 | M95: =VLOOKUP(D95,'A2 RETEST 4 DEC'!$1:$2096,2,FALSE) -> 9 | N95: 18 | P95: =IFNA(VLOOKUP(D95,'S1'!$1:$1325,2,False),0) -> 78 | Q95: =IFNA(vlookup(D95,'S2'!A91:B1293,2,False),0) -> 65 | R95: =ifna(vlookup(D95,'S3'!$1:$1311,2,False),0) -> 50 | T95: 10 | U95: 17 | V95: 68 | W95: 40 | AA95: 44 | AB95: 98 | AC95: 66 | AD95: 100 | AE95: 10 | AG95: 10 | AK95: =IF(H95>=$H$4, IF(I95>=$I$4, IF(J95>=$J$4, IF(K95>=$K$4, 4, 3), 2), 1), 0) -> 4 | AL95: =IF(L95>=$L$4, IF(M95>=$M$4, IF(N95>=$N$4, IF(O95>=$O$4, 4, 3), 2), 1), 0) -> 1 | AM95: =IF(AND(U95>=$U$4, W95>=$W$4, Y95>=$Y$4, Z95<>"", Z95>=$Z$4), 5, IF(AND(U95>=$U$4, W95>=$W$4, Y95>=$Y$4), 4, IF(AND(U95>=$U$4, W95>=$W$4), 3, IF(AND(T95>=$T$4, U95>=$U$4), 2, 0 ) ) ) ) -> 2 | AN95: =IF(AB95>=$AB$4, IF(OR(AC95>=$AC$4, AD95>=$AD$4), IF(AND(AE95>=$AE$4, AF95>=$AF$4, OR(AG95>=$AG$4, AH95>=$AH$4)), "4", IF(OR(AE95>=$AE$4, AF95>=$AF$4), "3.5", "3")), "2"), "0") -> 3 | AO95: =IF(P95>=$P$4, IF(Q95>=$Q$4, IF(R95>=$R$4, IF(S95>=$S$4,4,3), 2), 1), 0) -> 3
A96: 91 | B96: lebi23cs@cmrit.ac.in | C96: LEANNA BIJU | D96: =VLOOKUP(B96,USN!$1:$1088,2,FALSE) -> 1CR23CS094 | E96: 9591400815 | F96: CSE | H96: 86 | I96: 86 | J96: =IFNA(VLOOKUP(D96,'L3'!$1:$2060,2,False),0) -> 72 | K96: =VLOOKUP(D96,'L4'!$1:$2059,2,FALSE) -> 70 | L96: =VLOOKUP(D96,'A1 RETEST 5 DEC'!$1:$2096,2,FALSE) -> 44 | M96: =VLOOKUP(D96,'A2 RETEST 4 DEC'!$1:$2096,2,FALSE) -> 19 | N96: 0 | P96: =IFNA(VLOOKUP(D96,'S1'!$1:$1325,2,False),0) -> 72 | Q96: =IFNA(vlookup(D96,'S2'!A92:B1294,2,False),0) -> 50 | R96: =ifna(vlookup(D96,'S3'!$1:$1311,2,False),0) -> 0 | T96: 10 | U96: 15 | V96: 44 | W96: 32 | AA96: 10 | AB96: 94 | AC96: 89.5 | AD96: 0 | AE96: 10 | AG96: 26 | AK96: =IF(H96>=$H$4, IF(I96>=$I$4, IF(J96>=$J$4, IF(K96>=$K$4, 4, 3), 2), 1), 0) -> 4 | AL96: =IF(L96>=$L$4, IF(M96>=$M$4, IF(N96>=$N$4, IF(O96>=$O$4, 4, 3), 2), 1), 0) -> 0 | AM96: =IF(AND(U96>=$U$4, W96>=$W$4, Y96>=$Y$4, Z96<>"", Z96>=$Z$4), 5, IF(AND(U96>=$U$4, W96>=$W$4, Y96>=$Y$4), 4, IF(AND(U96>=$U$4, W96>=$W$4), 3, IF(AND(T96>=$T$4, U96>=$U$4), 2, 0 ) ) ) ) -> 2 | AN96: =IF(AB96>=$AB$4, IF(OR(AC96>=$AC$4, AD96>=$AD$4), IF(AND(AE96>=$AE$4, AF96>=$AF$4, OR(AG96>=$AG$4, AH96>=$AH$4)), "4", IF(OR(AE96>=$AE$4, AF96>=$AF$4), "3.5", "3")), "2"), "0") -> 3 | AO96: =IF(P96>=$P$4, IF(Q96>=$Q$4, IF(R96>=$R$4, IF(S96>=$S$4,4,3), 2), 1), 0) -> 2
A97: 92 | B97: ligo23cs@cmrit.ac.in | C97: LIKITH GOWDA | D97: =VLOOKUP(B97,USN!$1:$1088,2,FALSE) -> 1CR23CS095 | E97: 9606796695 | F97: CSE | H97: 81 | I97: 78 | J97: =IFNA(VLOOKUP(D97,'L3'!$1:$2060,2,False),0) -> 70 | K97: =VLOOKUP(D97,'L4'!$1:$2059,2,FALSE) -> 70 | L97: =VLOOKUP(D97,'A1 RETEST 5 DEC'!$1:$2096,2,FALSE) -> 45 | M97: =VLOOKUP(D97,'A2 RETEST 4 DEC'!$1:$2096,2,FALSE) -> 0 | N97: 1 | P97: =IFNA(VLOOKUP(D97,'S1'!$1:$1325,2,False),0) -> 64 | Q97: =IFNA(vlookup(D97,'S2'!A93:B1295,2,False),0) -> 0 | R97: =ifna(vlookup(D97,'S3'!$1:$1311,2,False),0) -> 0 | T97: 17 | U97: 21 | W97: 20 | AA97: 20 | AB97: 90 | AC97: 100 | AD97: 1 | AE97: 10 | AG97: 0 | AK97: =IF(H97>=$H$4, IF(I97>=$I$4, IF(J97>=$J$4, IF(K97>=$K$4, 4, 3), 2), 1), 0) -> 4 | AL97: =IF(L97>=$L$4, IF(M97>=$M$4, IF(N97>=$N$4, IF(O97>=$O$4, 4, 3), 2), 1), 0) -> 0 | AM97: =IF(AND(U97>=$U$4, W97>=$W$4, Y97>=$Y$4, Z97<>"", Z97>=$Z$4), 5, IF(AND(U97>=$U$4, W97>=$W$4, Y97>=$Y$4), 4, IF(AND(U97>=$U$4, W97>=$W$4), 3, IF(AND(T97>=$T$4, U97>=$U$4), 2, 0 ) ) ) ) -> 2 | AN97: =IF(AB97>=$AB$4, IF(OR(AC97>=$AC$4, AD97>=$AD$4), IF(AND(AE97>=$AE$4, AF97>=$AF$4, OR(AG97>=$AG$4, AH97>=$AH$4)), "4", IF(OR(AE97>=$AE$4, AF97>=$AF$4), "3.5", "3")), "2"), "0") -> 3 | AO97: =IF(P97>=$P$4, IF(Q97>=$Q$4, IF(R97>=$R$4, IF(S97>=$S$4,4,3), 2), 1), 0) -> 1
A98: 93 | B98: anm23cs@cmrit.ac.in | C98: M ANINDITA | D98: =VLOOKUP(B98,USN!$1:$1088,2,FALSE) -> 1CR23CS098 | E98: 9741238283 | F98: CSE | H98: 89 | I98: 97 | J98: =IFNA(VLOOKUP(D98,'L3'!$1:$2060,2,False),0) -> 90 | K98: =VLOOKUP(D98,'L4'!$1:$2059,2,FALSE) -> 91 | L98: =VLOOKUP(D98,'A1 RETEST 5 DEC'!$1:$2096,2,FALSE) -> 73 | M98: =VLOOKUP(D98,'A2 RETEST 4 DEC'!$1:$2096,2,FALSE) -> 52 | N98: 63 | P98: =IFNA(VLOOKUP(D98,'S1'!$1:$1325,2,False),0) -> 86 | Q98: =IFNA(vlookup(D98,'S2'!A94:B1296,2,False),0) -> 66 | R98: =ifna(vlookup(D98,'S3'!$1:$1311,2,False),0) -> 75 | T98: 13 | U98: 21 | V98: 72 | W98: 40 | X98: 66 | AA98: 0 | AB98: 99 | AC98: 63 | AD98: 85 | AE98: 79 | AG98: 83 | AK98: =IF(H98>=$H$4, IF(I98>=$I$4, IF(J98>=$J$4, IF(K98>=$K$4, 4, 3), 2), 1), 0) -> 4 | AL98: =IF(L98>=$L$4, IF(M98>=$M$4, IF(N98>=$N$4, IF(O98>=$O$4, 4, 3), 2), 1), 0) -> 3 | AM98: =IF(AND(U98>=$U$4, W98>=$W$4, Y98>=$Y$4, Z98<>"", Z98>=$Z$4), 5, IF(AND(U98>=$U$4, W98>=$W$4, Y98>=$Y$4), 4, IF(AND(U98>=$U$4, W98>=$W$4), 3, IF(AND(T98>=$T$4, U98>=$U$4), 2, 0 ) ) ) ) -> 2 | AN98: =IF(AB98>=$AB$4, IF(OR(AC98>=$AC$4, AD98>=$AD$4), IF(AND(AE98>=$AE$4, AF98>=$AF$4, OR(AG98>=$AG$4, AH98>=$AH$4)), "4", IF(OR(AE98>=$AE$4, AF98>=$AF$4), "3.5", "3")), "2"), "0") -> 3.5 | AO98: =IF(P98>=$P$4, IF(Q98>=$Q$4, IF(R98>=$R$4, IF(S98>=$S$4,4,3), 2), 1), 0) -> 3
A99: 94 | B99: mbbi23cs@cmrit.ac.in | C99: M B BINCY JEEN | D99: =VLOOKUP(B99,USN!$1:$1088,2,FALSE) -> 1CR23CS099 | E99: 8073589687 | F99: CSE | H99: 85 | I99: 93 | J99: =IFNA(VLOOKUP(D99,'L3'!$1:$2060,2,False),0) -> 71 | K99: =VLOOKUP(D99,'L4'!$1:$2059,2,FALSE) -> 79 | L99: =VLOOKUP(D99,'A1 RETEST 5 DEC'!$1:$2096,2,FALSE) -> 50 | M99: =VLOOKUP(D99,'A2 RETEST 4 DEC'!$1:$2096,2,FALSE) -> 19 | N99: 50 | P99: =IFNA(VLOOKUP(D99,'S1'!$1:$1325,2,False),0) -> 84 | Q99: =IFNA(vlookup(D99,'S2'!A95:B1297,2,False),0) -> 90 | R99: =ifna(vlookup(D99,'S3'!$1:$1311,2,False),0) -> 96 | T99: 22 | U99: 19 | V99: 52 | W99: 48 | X99: 52 | AA99: 72 | AB99: 100 | AC99: 61 | AD99: 73 | AE99: 77 | AG99: 77 | AK99: =IF(H99>=$H$4, IF(I99>=$I$4, IF(J99>=$J$4, IF(K99>=$K$4, 4, 3), 2), 1), 0) -> 4 | AL99: =IF(L99>=$L$4, IF(M99>=$M$4, IF(N99>=$N$4, IF(O99>=$O$4, 4, 3), 2), 1), 0) -> 1 | AM99: =IF(AND(U99>=$U$4, W99>=$W$4, Y99>=$Y$4, Z99<>"", Z99>=$Z$4), 5, IF(AND(U99>=$U$4, W99>=$W$4, Y99>=$Y$4), 4, IF(AND(U99>=$U$4, W99>=$W$4), 3, IF(AND(T99>=$T$4, U99>=$U$4), 2, 0 ) ) ) ) -> 2 | AN99: =IF(AB99>=$AB$4, IF(OR(AC99>=$AC$4, AD99>=$AD$4), IF(AND(AE99>=$AE$4, AF99>=$AF$4, OR(AG99>=$AG$4, AH99>=$AH$4)), "4", IF(OR(AE99>=$AE$4, AF99>=$AF$4), "3.5", "3")), "2"), "0") -> 3.5 | AO99: =IF(P99>=$P$4, IF(Q99>=$Q$4, IF(R99>=$R$4, IF(S99>=$S$4,4,3), 2), 1), 0) -> 3
A100: 95 | B100: msh23cs@cmrit.ac.in | C100: M SHIVANI RAO | D100: =VLOOKUP(B100,USN!$1:$1088,2,FALSE) -> 1CR23CS100 | E100: 9632174469 | F100: CSE | H100: 87 | I100: 84 | J100: =IFNA(VLOOKUP(D100,'L3'!$1:$2060,2,False),0) -> 75 | K100: =VLOOKUP(D100,'L4'!$1:$2059,2,FALSE) -> 72 | L100: =VLOOKUP(D100,'A1 RETEST 5 DEC'!$1:$2096,2,FALSE) -> 53 | M100: =VLOOKUP(D100,'A2 RETEST 4 DEC'!$1:$2096,2,FALSE) -> 50 | N100: 50 | P100: =IFNA(VLOOKUP(D100,'S1'!$1:$1325,2,False),0) -> 73 | Q100: =IFNA(vlookup(D100,'S2'!A96:B1298,2,False),0) -> 66 | R100: =ifna(vlookup(D100,'S3'!$1:$1311,2,False),0) -> 59 | T100: 22 | U100: 17 | V100: 60 | W100: 56 | X100: 60 | AA100: 74 | AB100: 78 | AC100: 70.5 | AD100: 60 | AE100: 70 | AG100: 60 | AK100: =IF(H100>=$H$4, IF(I100>=$I$4, IF(J100>=$J$4, IF(K100>=$K$4, 4, 3), 2), 1), 0) -> 4 | AL100: =IF(L100>=$L$4, IF(M100>=$M$4, IF(N100>=$N$4, IF(O100>=$O$4, 4, 3), 2), 1), 0) -> 3 | AM100: =IF(AND(U100>=$U$4, W100>=$W$4, Y100>=$Y$4, Z100<>"", Z100>=$Z$4), 5, IF(AND(U100>=$U$4, W100>=$W$4, Y100>=$Y$4), 4, IF(AND(U100>=$U$4, W100>=$W$4), 3, IF(AND(T100>=$T$4, U100>=$U$4), 2, 0 ) ) ) ) -> 3 | AN100: =IF(AB100>=$AB$4, IF(OR(AC100>=$AC$4, AD100>=$AD$4), IF(AND(AE100>=$AE$4, AF100>=$AF$4, OR(AG100>=$AG$4, AH100>=$AH$4)), "4", IF(OR(AE100>=$AE$4, AF100>=$AF$4), "3.5", "3")), "2"), "0") -> 3.5 | AO100: =IF(P100>=$P$4, IF(Q100>=$Q$4, IF(R100>=$R$4, IF(S100>=$S$4,4,3), 2), 1), 0) -> 3
...

Sheet A3
A1: E mail ID | B1: Name | C1: USN Number | D1: IAT 1 (40) | E1: IAT 2(50) | F1: Total (90) | G1: Attendance % | H1: Attendance Marks(10) | I1: Final Marks
A2: mohm22cs@cmrit.ac.in | B2: M Mohan | C2: 1CR22CS094 | D2: 0 | E2: 0 | F2: 0 | G2: 0 | H2: 0 | I2: 0
A3: nadi22cs@cmrit.ac.in | B3: Naman Didwania | C3: 1CR22CS116 | D3: 0 | E3: 0 | F3: 0 | G3: 0 | H3: 0 | I3: 0
A4: sulkh22cs@cmrit.ac.in | B4: Sulaiman Khan | C4: 1CR22CS194 | D4: 0 | E4: 0 | F4: 0 | G4: 3.4482759 | H4: 0 | I4: 0
A5: vave22cs@cmrit.ac.in | B5: Varun Venugopal | C5: 1CR22CS209 | D5: 0 | E5: 0 | F5: 0 | G5: 27.586207 | H5: 0 | I5: 0
A6: hada22ece@cmrit.ac.in | B6: HARI OM KUMAR DAS | C6: 1CR22EC082 | D6: 11.75 | E6: 7.5 | F6: 19.25 | G6: 76.923077 | H6: 7 | I6: 26.25
A7: hada22ece@cmrit.ac.in | B7: Mohammed Shoaib | C7: 1CR22EC144 | D7: 0 | E7: 0 | F7: 0 | G7: 3.8461538 | H7: 0 | I7: 0
A8: ara23ainds@cmrit.ac.in | B8: A RAHHUL NANDHAN | C8: 1CR23AD001 | D8: 35 | E8: 19.5 | F8: 54.5 | G8: 0 | H8: 0 | I8: 54.5
A9: aara23ainds@cmrit.ac.in | B9: Aayush Rasaily | C9: 1CR23AD002 | D9: 30 | E9: 24.5 | F9: 54.5 | G9: 60.869565 | H9: 0 | I9: 54.5
A10: abas23ainds@cmrit.ac.in | B10: ABHAYASURYA A S | C10: 1CR23AD003 | D10: 23.75 | E10: 23.5 | F10: 47.25 | G10: 78.26087 | H10: 7 | I10: 54.25
A11: abku23ainds@cmrit.ac.in | B11: ABHINASH KUMAR | C11: 1CR23AD004 | D11: 25 | E11: 39.5 | F11: 64.5 | G11: 26.086957 | H11: 0 | I11: 64.5
A12: adi23ainds@cmrit.ac.in | B12: ADITY SINHA | C12: 1CR23AD005 | D12: 21.5 | E12: 22.25 | F12: 43.75 | G12: 86.956522 | H12: 9 | I12: 52.75
A13: adbh23ainds@cmrit.ac.in | B13: Aditya Bhattarai | C13: 1CR23AD006 | D13: 22.75 | E13: 0 | F13: 22.75 | G13: 30.434783 | H13: 0 | I13: 22.75
... A43: fina23ainds@cmrit.ac.in | B43: FIZZA NAJAM N | C43: 1CR23AD036 | D43: 33.75 | E43: 11.25 | F43: 45 | G43: 82.608696 | H43: 8 | I43: 53
A44: gah23ainds@cmrit.ac.in | B44: Gayathri. H | C44: 1CR23AD037 | D44: 21.5 | E44: NA | F44: NA | G44: 100 | H44: 10 | I44: 0
A45: goya23ainds@cmrit.ac.in | B45: GOGULA REDDY YASHASWINI | C45: 1CR23AD038 | D45: 15.75 | E45: NA | F45: NA | G45: 95.652174 | H45: 10 | I45: 0
A46: habe23ainds@cmrit.ac.in | B46: HANNAH BETH SHAJAN | C46: 1CR23AD039 | D46: 22.25 | E46: 15.5 | F46: 37.75 | G46: 86.956522 | H46: 9 | I46: 46.75
A47: hasj23ainds@cmrit.ac.in | B47: HARSHIL S JADHAV | C47: 1CR23AD040 | D47: 28.75 | E47: 24.5 | F47: 53.25 | G47: 78.26087 | H47: 7 | I47: 60.25
A48: haas23ainds@cmrit.ac.in | B48: HARSHINI ASAPU | C48: 1CR23AD041 | D48: 29 | E48: 27.5 | F48: 56.5 | G48: 86.956522 | H48: 9 | I48: 65.5
A49: habm23ainds@cmrit.ac.in | B49: Harshitha BM | C49: 1CR23AD042 | D49: 8.75 | E49: 0 | F49: 8.75 | G49: 52.173913 | H49: 0 | I49: 8.75
A50: hak23ainds@cmrit.ac.in | B50: Harshitha K | C50: 1CR23AD043 | D50: 22 | E50: 14 | F50: 36 | G50: 60.869565 | H50: 0 | I50: 36
A51: hebs23ainds@cmrit.ac.in | B51: HEMANTH B S | C51: 1CR23AD044 | D51: 25.75 | E51: 17.25 | F51: 43 | G51: 86.956522 | H51: 9 | I51: 52
A52: hil23ainds@cmrit.ac.in | B52: HITESH L | C52: 1CR23AD045 | D52: 21.25 | E52: 12 | F52: 33.25 | G52: 91.304348 | H52: 10 | I52: 43.25
A53: iqfa23ainds@cmrit.ac.in | B53: Iqra Fathima | C53: 1CR23AD046 | D53: 7.5 | E53: 0 | F53: 7.5 | G53: 40.740741 | H53: 0 | I53: 7.5
A54: jiku23ainds@cmrit.ac.in | B54: Jitendra Kumar gupta | C54: 1CR23AD047 | D54: 11.25 | E54: 22 | F54: 33.25 | G54: 82.608696 | H54: 8 | I54: 41.25
A55: joma23ainds@cmrit.ac.in | B55: JOANNA MARIA LEO | C55: 1CR23AD048 | D55: 8.75 | E55: 0 | F55: 8.75 | G55: 30.434783 | H55: 0 | I55: 8.75
A56: jy23ainds@cmrit.ac.in | B56: Jyoti | C56: 1CR23AD049 | D56: 35 | E56: 20 | F56: 55 | G56: 82.608696 | H56: 8 | I56: 63
A57: kdh23ainds@cmrit.ac.in | B57: K DHANUSH | C57: 1CR23AD050 | D57: 3 | E57: 22 | F57: 25 | G57: 95.652174 | H57: 10 | I57: 35
... A64: khhe23ainds@cmrit.ac.in | B64: Khushi Hebballi | C64: 1CR23AD057 | D64: 9.75 | E64: 15.75 | F64: 25.5 | G64: 91.304348 | H64: 10 | I64: 35.5
A65: krsp23ainds@cmrit.ac.in | B65: Krupa S P | C65: 1CR23AD058 | D65: 12.25 | E65: NA | F65: 12.25 | G65: 73.913043 | H65: 6 | I65: 0
A66: kusa23ainds@cmrit.ac.in | B66: KUNTIMUKKALA SAIRAM | C66: 1CR23AD059 | D66: 32.5 | E66: 16.75 | F66: 49.25 | G66: 95.652174 | H66: 10 | I66: 59.25
A67: kush23ainds@cmrit.ac.in | B67: KUSHI S SHETTY | C67: 1CR23AD060 | D67: 5.25 | E67: 15.75 | F67: 21 | G67: 78.26087 | H67: 7 | I67: 28
A68: kup23ainds@cmrit.ac.in | B68: Kusuma P | C68: 1CR23AD061 | D68: 10.5 | E68: 19 | F68: 29.5 | G68: 60.869565 | H68: 0 | I68: 29.5
A69: lare23ainds@cmrit.ac.in | B69: LAHITHA REDDY KAMBAM | C69: 1CR23AD062 | D69: 5 | E69: 14.25 | F69: 19.25 | G69: 73.913043 | H69: 6 | I69: 25.25
A70: lic23ainds@cmrit.ac.in | B70: LIKITHA. C | C70: 1CR23AD063 | D70: 9 | E70: 0 | F70: 9 | G70: 69.565217 | H70: 6 | I70: 15
A71: lor23ainds@cmrit.ac.in | B71: LOHITH R | C71: 1CR23AD064 | D71: 0 | E71: 0 | F71: 0 | G71: 0 | H71: 0 | I71: 0
A72: mgu23ainds@cmrit.ac.in | B72: M Gunajothi | C72: 1CR23AD065 | D72: 20.25 | E72: 25.25 | F72: =D72+E72 -> 45.5 | G72: 95.652174 | H72: 10 | I72: 55.5
A73: mppr23ainds@cmrit.ac.in | B73: M P PRAGNA | C73: 1CR23AD066 | D73: 26.75 | E73: 23.5 | F73: 50.25 | G73: 91.304348 | H73: 10 | I73: 60.25
A74: mre23ainds@cmrit.ac.in | B74: M TANUSREE REDDY | C74: 1CR23AD067 | D74: 5 | E74: 26.25 | F74: 31.25 | G74: 96.296296 | H74: 10 | I74: 41.25
A75: maro23ainds@cmrit.ac.in | B75: Mainak Roy | C75: 1CR23AD068 | D75: 17 | E75: 18.5 | F75: 35.5 | G75: 66.666667 | H75: 0 | I75: 35.5
A76: mach23ainds@cmrit.ac.in | B76: MALLIKARJUN CHINMALLI | C76: 1CR23AD069 | D76: 7.5 | E76: 0 | F76: 7.5 | G76: 44.444444 | H76: 0 | I76: 7.5
A77: makp23ainds@cmrit.ac.in | B77: MANOJKUMAR K PATIL | C77: 1CR23AD070 | D77: 11.25 | E77: 0 | F77: 11.25 | G77: 39.130435 | H77: 0 | I77: 11.25
A78: mash23ainds@cmrit.ac.in | B78: Manzil Shrestha | C78: 1CR23AD071 | D78: 27.5 | E78: 6.25 | F78: 33.75 | G78: 86.956522 | H78: 9 | I78: 42.75
A79: mrve23ainds@cmrit.ac.in | B79: MIRUDHULA VENKATACHALAM | C79: 1CR23AD072 | D79: 8.75 | E79: 5.5 | F79: 14.25 | G79: 77.777778 | H79: 7 | I79: 21.25
A80: mofa23ainds@cmrit.ac.in | B80: MOHAMED FAIZAN | C80: 1CR23AD073 | D80: 0 | E80: 0 | F80: 0 | G80: 29.62963 | H80: 0 | I80: 0
A81: momo23ainds@cmrit.ac.in | B81: Monisha mohandas | C81: 1CR23AD074 | D81: 0 | E81: 0 | F81: 0 | G81: 51.851852 | H81: 0 | I81: 0
A82: momn23ainds@cmrit.ac.in | B82: MOUNIKA M N | C82: 1CR23AD075 | D82: 21.25 | E82: 39.5 | F82: 60.75 | G82: 81.481481 | H82: 8 | I82: 68.75
A83: mudi23ainds@cmrit.ac.in | B83: Mummareddy dinesh | C83: 1CR23AD077 | D83: 12 | E83: 13.25 | F83: 25.25 | G83: 91.304348 | H83: 10 | I83: 35.25
A84: nha23ainds@cmrit.ac.in | B84: N Harshith | C84: 1CR23AD078 | D84: 0 | E84: 0 | F84: 0 | G84: 82.608696 | H84: 8 | I84: 8
... A92: nikm23ainds@cmrit.ac.in | B92: Nishchitha K M | C92: 1CR23AD086 | D92: 15.75 | E92: 35.75 | F92: 51.5 | G92: 82.608696 | H92: 8 | I92: 59.5
A93: niku23ainds@cmrit.ac.in | B93: NISHIT KUMAR | C93: 1CR23AD087 | D93: 19.25 | E93: NA | F93: NA | G93: 92.592593 | H93: 10 | I93: 0
A94: niv23ainds@cmrit.ac.in | B94: NITHYASHREE V | C94: 1CR23AD088 | D94: 31.25 | E94: NA | F94: NA | G94: 66.666667 | H94: 0 | I94: 0
A95: pa23ainds@cmrit.ac.in | B95: PAVAN | C95: 1CR23AD089 | D95: 33.5 | E95: 36.75 | F95: =D95+E95 -> 70.25 | G95: 77.777778 | H95: 7 | I95: 77.25
A96: para23ainds@cmrit.ac.in | B96: Pavitra P Rathod | C96: 1CR23AD090 | D96: 22.5 | E96: 0 | F96: 22.5 | G96: 70.37037 | H96: 6 | I96: 28.5
A97: prj23ainds@cmrit.ac.in | B97: PRABHU VIGNESH J | C97: 1CR23AD091 | D97: 0 | E97: 0 | F97: 0 | G97: 3.7037037 | H97: 0 | I97: 0
A98: prra23ainds@cmrit.ac.in | B98: PRAKHYAT RAJ SEDAI | C98: 1CR23AD092 | D98: 0 | E98: 0 | F98: 0 | G98: 7.4074074 | H98: 0 | I98: 0
A99: prva23ainds@cmrit.ac.in | B99: PRAKRUTHI V A | C99: 1CR23AD093 | D99: 14.75 | E99: 8 | F99: 22.75 | G99: 81.481481 | H99: 8 | I99: 30.75
A100: pras23ainds@cmrit.ac.in | B100: Praneet Ashok Bhushi | C100: 1CR23AD094 | D100: 6.25 | E100: 10 | F100: 16.25 | G100: 40.740741 | H100: 0 | I100: 16.25
A101: pure23ainds@cmrit.ac.in | B101: PUSALAPATI DEVESH REDDY | C101: 1CR23AD095 | D101: 28.75 | E101: 24.25 | F101: =D101+E101 -> 53 | G101: 93 | H101: 10 | I101: 63
A102: rahm23ainds@cmrit.ac.in | B102: Rachana HM | C102: 1CR23AD096 | D102: 19 | E102: 0 | F102: 19 | G102: 62.962963 | H102: 0 | I102: 19
A103: rash23ainds@cmrit.ac.in | B103: RAJESHWARI SHARANAPPA KAWLUR | C103: 1CR23AD097 | D103: 12.75 | E103: 23 | F103: 35.75 | G103: 0 | H103: 0 | I103: 35.75
A104: rarn23ainds@cmrit.ac.in | B104: Rakesh R N | C104: 1CR23AD098 | D104: 6.25 | E104: 0 | F104: 6.25 | G104: 18.518519 | H104: 0 | I104: 6.25
A105: rara23ainds@cmrit.ac.in | B105: RAKESH RANJAN | C105: 1CR23AD099 | D105: 2.5 | E105: 0 | F105: 2.5 | G105: 11.111111 | H105: 0 | I105: 2.5
A106: ra23ainds@cmrit.ac.in | B106: RAKSHITHA | C106: 1CR23AD100 | D106: 1.25 | E106: 3.25 | F106: 4.5 | G106: 81.481481 | H106: 8 | I106: 12.5
A107: righ23ainds@cmrit.ac.in | B107: RIONA GHORUI | C107: 1CR23AD101 | D107: 16 | E107: 13 | F107: 29 | G107: 92.592593 | H107: 10 | I107: 39
A108: ripa23ainds@cmrit.ac.in | B108: Rishi M Patel | C108: 1CR23AD102 | D108: 8.75 | E108: 8.25 | F108: 17 | G108: 77.777778 | H108: 7 | I108: 24
A109: sbsa23ainds@cmrit.ac.in | B109: S B SAMYUKTHA | C109: 1CR23AD103 | D109: 4.5 | E109: 0 | F109: 4.5 | G109: 7.4074074 | H109: 0 | I109: 4.5
A110: sapa23ainds@cmrit.ac.in | B110: Sagar pandit | C110: 1CR23AD104 | D110: 0 | E110: 0 | F110: 0 | G110: 7.4074074 | H110: 0 | I110: 0
A111: saks23ainds@cmrit.ac.in | B111: Sambarika Kshetri | C111: 1CR23AD105 | D111: 0 | E111: 0 | F111: 0 | G111: 11.111111 | H111: 0 | I111: 0
A112: saha23ainds@cmrit.ac.in | B112: samridh hada | C112: 1CR23AD106 | D112: 0 | E112: 0 | F112: 0 | G112: 3.7037037 | H112: 0 | I112: 0
A113: same23ainds@cmrit.ac.in | B113: Sanisetty Sri Meghana | C113: 1CR23AD107 | D113: 19 | E113: 17.25 | F113: 36.25 | G113: 85.185185 | H113: 8 | I113: 44.25
... A140: vana23ainds@cmrit.ac.in | B140: Varsha C Naik | C140: 1CR23AD134 | D140: 5.5 | E140: 6.5 | F140: 12 | G140: 70.37037 | H140: 6 | I140: 18
A141: val23ainds@cmrit.ac.in | B141: VARSHINI L | C141: 1CR23AD135 | D141: 11.5 | E141: 15.5 | F141: 27 | G141: 100 | I141: 27
A142: veuv23ainds@cmrit.ac.in | B142: Vedraj U V | C142: 1CR23AD136 | D142: 22.5 | E142: 27 | F142: 49.5 | G142: 88.888889 | H142: 9 | I142: 58.5
A143: vikc23ainds@cmrit.ac.in | B143: VINEETH K C | C143: 1CR23AD137 | D143: 21 | E143: 0 | F143: 21 | G143: 44.444444 | H143: 0 | I143: 21
A144: vikh23ainds@cmrit.ac.in | B144: VISHWAS KHANDELWAL | C144: 1CR23AD138 | D144: 21.25 | E144: 0 | F144: 21.25 | G144: 37.037037 | H144: 0 | I144: 21.25
A145: viku23ainds@cmrit.ac.in | B145: VIVEK KUMAR | C145: 1CR23AD139 | D145: 15.25 | E145: 0 | F145: 15.25 | G145: 33.333333 | H145: 0 | I145: 15.25
A146: yaro23ainds@cmrit.ac.in | B146: YADAMA ROHITH | C146: 1CR23AD140 | D146: 19.5 | E146: 0 | F146: 19.5 | G146: 14.814815 | H146: 0 | I146: 19.5
A147: yade23ainds@cmrit.ac.in | B147: Yashwant Dev | C147: 1CR23AD141 | D147: 8.75 | E147: 0 | F147: 8.75 | G147: 40.740741 | H147: 0 | I147: 8.75
A148: yovi23ainds@cmrit.ac.in | B148: YOGITHA VIMALKANTH | C148: 1CR23AD142 | D148: 0 | E148: 0 | F148: 0 | G148: 7.4074074 | H148: 0 | I148: 0
A149: yus23ainds@cmrit.ac.in | B149: YUVARAJ.S | C149: 1CR23AD143 | D149: 22.25 | E149: 0 | F149: 22.25 | G149: 0 | H149: 0 | I149: 22.25
A150: sija23aids@cmrit.ac.in | B150: Sivaani Janaswamy | C150: 1CR23AD144 | D150: 21.25 | E150: 0 | F150: 21.25 | G150: 73.913043 | H150: 6 | I150: 27.25
A151: mars23ece@cmrit.ac.in | B151: Mahesh Surya R S | C151: 1CR23AD145 | D151: 6.75 | E151: 0 | F151: 6.75 | G151: 37.037037 | H151: 0 | I151: 6.75
A152: adsi23aiml@cmrit.ac.in | B152: ADITYA SINGH | C152: 1CR23AI001 | D152: 19.5 | E152: 27.75 | F152: 47.25 | G152: 79.166667 | H152: 7 | I152: 54.25
A153: aiko23aiml@cmrit.ac.in | B153: Aishwarya kotte | C153: 1CR23AI002 | D153: 17.25 | E153: 16.5 | F153: 33.75 | G153: 95.833333 | H153: 10 | I153: 43.75
... A172: chm23aiml@cmrit.ac.in | B172: Chaithanya Kartik m | C172: 1CR23AI021 | D172: 0 | E172: 0 | F172: 0 | G172: 41.666667 | H172: 0 | I172: 0
A173: chsi23aiml@cmrit.ac.in | B173: CHETAN PRASANNA SIRSIKAR | C173: 1CR23AI022 | D173: 24.5 | E173: NA | F173: NA | G173: 83.333333 | H173: 8 | I173: 0
A174: chra23aiml@cmrit.ac.in | B174: Chinmay R A | C174: 1CR23AI023 | D174: 26.5 | E174: NA | F174: NA | G174: 79.166667 | H174: 7 | I174: 0
A175: drte23aiml@cmrit.ac.in | B175: D R TEJASWI YADAV | C175: 1CR23AI025 | D175: 30.25 | E175: NA | F175: NA | G175: 70.833333 | H175: 6 | I175: 0
A176: dan23aiml@cmrit.ac.in | B176: Darshan N | C176: 1CR23AI026 | D176: 8.75 | E176: 0 | F176: 8.75 | G176: 33.333333 | H176: 0 | I176: 8.75
A177: deba23aiml@cmrit.ac.in | B177: DEEKSHA BABU | C177: 1CR23AI027 | D177: 0.75 | E177: 0 | F177: 0.75 | G177: 87.5 | H177: 9 | I177: 9.75
A178: dech23aiml@cmrit.ac.in | B178: Deepak chouhan | C178: 1CR23AI028 | D178: 18.5 | E178: NA | F178: NA | G178: 87.5 | H178: 9 | I178: 0
A179: dhsh23aiml@cmrit.ac.in | B179: Dhanya shree A | C179: 1CR23AI029 | D179: 9 | E179: 4.75 | F179: 13.75 | G179: 95.833333 | H179: 10 | I179: 23.75
A180: dhsa23aiml@cmrit.ac.in | B180: DHEERAJ SAMPATH SALIAN | C180: 1CR23AI030 | D180: 19.25 | E180: 36.25 | F180: 55.5 | G180: 75 | H180: 6 | I180: 61.5
A181: dula23aiml@cmrit.ac.in | B181: Dikshyant Lamsal | C181: 1CR23AI031 | D181: 0 | E181: 0 | F181: 0 | G181: 25 | H181: 0 | I181: 0
A182: dimn23aiml@cmrit.ac.in | B182: DILEEP M N | C182: 1CR23AI032 | D182: 20 | E182: 36.25 | F182: 56.25 | G182: 83.333333 | H182: 8 | I182: 64.25
A183: dis23aiml@cmrit.ac.in | B183: DINAKAR.S | C183: 1CR23AI033 | D183: 24 | E183: 32.5 | F183: 56.5 | G183: 91.666667 | H183: 10 | I183: 66.5
A184: fra23aiml@cmrit.ac.in | B184: F RAIHAN | C184: 1CR23AI034 | D184: 0 | E184: 0 | F184: 0 | G184: 25 | H184: 0 | I184: 0
A185: gpr23aiml@cmrit.ac.in | B185: G Prajwal Reddy | C185: 1CR23AI035 | D185: 0 | E185: 0 | F185: 0 | G185: 20.833333 | H185: 0 | I185: 0
A186: gak23aiml@cmrit.ac.in | B186: GAGAN.K | C186: 1CR23AI036 | D186: 13.75 | E186: 0 | F186: 13.75 | G186: 58.333333 | H186: 0 | I186: 13.75
...

Sheet UG-ISE
A1: Sl.No | B1: Email | C1: Full Name | D1: USN (Keep data in Assending order) | E1: Phone | F1: BRANCH | G1: Comment (Branch change/Detained/Left college etc...) | H1: Language Lx | L1: Aptitude Ax | P1: ='UG-CSE'!P1 -> Softskill Sx | T1: ='UG-CSE'!T1 -> Core Cx | AA1: ='UG-CSE'!AA1 -> Programming Px | AK1: Lx | AL1: Ax | AM1: Cx | AN1: Px | AO1: Sx
B2: Cmrit Email id only | C2: As per PAN Card or 10th Mark scard | E2: 10 digits only | H2: L1 | I2: L2 | J2: L3 | K2: L4 | L2: A1 | M2: A2 | N2: A3 | O2: A4 | P2: ='UG-CSE'!P2 -> S1 | Q2: ='UG-CSE'!Q2 -> S2 | R2: ='UG-CSE'!R2 -> S3 | S2: S4 | T2: ='UG-CSE'!T2 -> C2 Odd | U2: ='UG-CSE'!U2 -> C2 Full | V2: ='UG-CSE'!V2 -> C3 Odd | W2: ='UG-CSE'!W2 -> C3 Full | X2: ='UG-CSE'!X2 -> C4 Odd | Y2: ='UG-CSE'!Y2 -> C4 Full | Z2: ='UG-CSE'!Z2 -> C5 Full | AA2: ='UG-CSE'!AA2 -> P1-C | ... AH2: ='UG-CSE'!AH2 -> P4-DS | AI2: P2+ Python | AJ2: Interview Readiness Level by T&P(1- 5 Highest) | AK2: Level Reached | AL2: Level Reached | AM2: Level Reached | AN2: Level Reached | AO2: Level Reached
B3: Max Marks | H3: 100 | I3: 100 | J3: 100 | K3: 100 | L3: 100 | M3: 100 | N3: 100 | O3: 100 | P3: 100 | Q3: 100 | R3: 100 | S3: 100 | T3: 25 | U3: 25 | V3: 50 | W3: 100 | X3: 100 | Y3: 100 | Z3: 100 | AA3: 100 | AB3: 100 | AC3: 100 | AD3: 100 | AE3: 100 | AF3: 100 | AG3: 100 | AH3: 100
B4: Passing Marks | H4: 65 | I4: 65 | J4: 70 | K4: 70 | L4: 50 | M4: 50 | N4: 50 | O4: 65 | P4: 50 | Q4: 50 | R4: 50 | S4: 50 | T4: 10 | U4: 10 | V4: 25 | W4: 50 | X4: 50 | Y4: 50 | Z4: 50 | AA4: 50 | AB4: 50 | AC4: 60 | AD4: 60 | AE4: 70 | AF4: 70 | AG4: 70 | AH4: 70
A5: 1 | B5: aapr23ise@cmrit.ac.in | C5: AAMITH PRAMOD | D5: =VLOOKUP(B5,USN!$1:$1088,2,False) -> 1CR23IS001 | E5: 9148164893 | F5: ISE | H5: 84 | I5: 88 | J5: =VLOOKUP(D5,'L3'!$1:$2060,2,False) -> 5 | K5: =VLOOKUP(D5,'L4'!$1:$2059,2,False) -> 10 | L5: =VLOOKUP(D5,'A1 RETEST 5 DEC'!$1:$2096,2,FALSE) -> 5 | M5: =VLOOKUP(D5,'A2 RETEST 4 DEC'!$1:$2096,2,False) -> 0 | N5: 0 | P5: =IFNA(VLOOKUP(D5,'S1'!$1:$2000,2,False),0) -> 0 | Q5: =vlookup(D5,'S2'!A1:B1203,2,0) -> 0 | R5: =ifna(vlookup(D5,'S3'!$1:$1311,2,False),0) -> 0 | T5: 15 | U5: 18 | X5: 0 | AA5: 100 | AB5: 72 | AC5: 0 | AD5: 0 | AE5: 10 | AG5: 25 | AK5: =IF(H5>=$H$4, IF(I5>=$I$4, IF(J5>=$J$4, IF(K5>=$K$4, 4, 3), 2), 1), 0) -> 2 | AL5: =IF(L5>=$L$4, IF(M5>=$M$4, IF(N5>=$N$4, IF(O5>=$O$4, 4, 3), 2), 1), 0) -> 0 | AM5: =IF(AND(U5>=$U$4, W5>=$W$4, Y5>=$Y$4, Z5<>"", Z5>=$Z$4), 5, IF(AND(U5>=$U$4, W5>=$W$4, Y5>=$Y$4), 4, IF(AND(U5>=$U$4, W5>=$W$4), 3, IF(AND(T5>=$T$4, U5>=$U$4), 2, 0 ) ) ) ) -> 2 | AN5: =IF(AB5>=$AB$4, IF(OR(AC5>=$AC$4, AD5>=$AD$4), IF(AND(AE5>=$AE$4, AF5>=$AF$4, OR(AG5>=$AG$4, AH5>=$AH$4)), "4", IF(OR(AE5>=$AE$4, AF5>=$AF$4), "3.5", "3")), "2"), "0") -> 2 | AO5: =IF(P5>=$P$4, IF(Q5>=$Q$4, IF(R5>=$R$4, IF(S5>=$S$4, 4, 3), 2), 1), 0) -> 0
A6: 2 | B6: aab23ise@cmrit.ac.in | C6: AARYA B | D6: =VLOOKUP(B6,USN!$1:$1088,2,False) -> 1CR23IS002 | E6: 9845718382 | F6: ISE | H6: 83 | I6: 93 | J6: =VLOOKUP(D6,'L3'!$1:$2060,2,False) -> 73 | K6: =VLOOKUP(D6,'L4'!$1:$2059,2,False) -> 75 | L6: =VLOOKUP(D6,'A1 RETEST 5 DEC'!$1:$2096,2,FALSE) -> 67 | M6: =VLOOKUP(D6,'A2 RETEST 4 DEC'!$1:$2096,2,False) -> 50 | N6: 50 | P6: =IFNA(VLOOKUP(D6,'S1'!$1:$2000,2,False),0) -> 93 | Q6: =vlookup(D6,'S2'!A2:B1204,2,0) -> 72 | R6: =ifna(vlookup(D6,'S3'!$1:$1311,2,False),0) -> 89 | T6: 11 | U6: 18 | W6: 48 | X6: 44 | AA6: 100 | AB6: 100 | AC6: 68 | AD6: 30 | AE6: 70 | AG6: 49 | AK6: =IF(H6>=$H$4, IF(I6>=$I$4, IF(J6>=$J$4, IF(K6>=$K$4, 4, 3), 2), 1), 0) -> 4 | AL6: =IF(L6>=$L$4, IF(M6>=$M$4, IF(N6>=$N$4, IF(O6>=$O$4, 4, 3), 2), 1), 0) -> 3 | AM6: =IF(AND(U6>=$U$4, W6>=$W$4, Y6>=$Y$4, Z6<>"", Z6>=$Z$4), 5, IF(AND(U6>=$U$4, W6>=$W$4, Y6>=$Y$4), 4, IF(AND(U6>=$U$4, W6>=$W$4), 3, IF(AND(T6>=$T$4, U6>=$U$4), 2, 0 ) ) ) ) -> 2 | AN6: =IF(AB6>=$AB$4, IF(OR(AC6>=$AC$4, AD6>=$AD$4), IF(AND(AE6>=$AE$4, AF6>=$AF$4, OR(AG6>=$AG$4, AH6>=$AH$4)), "4", IF(OR(AE6>=$AE$4, AF6>=$AF$4), "3.5", "3")), "2"), "0") -> 3.5 | AO6: =IF(P6>=$P$4, IF(Q6>=$Q$4, IF(R6>=$R$4, IF(S6>=$S$4, 4, 3), 2), 1), 0) -> 3
A7: 3 | B7: aara23ise@cmrit.ac.in | C7: AASTHA RAI | D7: =VLOOKUP(B7,USN!$1:$1088,2,False) -> 1CR23IS003 | E7: 9234321003 | F7: ISE | H7: 77 | I7: 91 | J7: =VLOOKUP(D7,'L3'!$1:$2060,2,False) -> 71 | K7: =VLOOKUP(D7,'L4'!$1:$2059,2,False) -> 75 | L7: =VLOOKUP(D7,'A1 RETEST 5 DEC'!$1:$2096,2,FALSE) -> 50 | M7: =VLOOKUP(D7,'A2 RETEST 4 DEC'!$1:$2096,2,False) -> 50 | N7: 42 | P7: =IFNA(VLOOKUP(D7,'S1'!$1:$2000,2,False),0) -> 80 | Q7: =vlookup(D7,'S2'!A3:B1205,2,0) -> 55 | R7: =ifna(vlookup(D7,'S3'!$1:$1311,2,False),0) -> 50 | T7: 17 | U7: 23 | V7: 42 | W7: 60 | X7: 64 | AA7: 100 | AB7: 81 | AC7: 47 | AD7: 38 | AE7: 15 | AG7: 43 | AK7: =IF(H7>=$H$4, IF(I7>=$I$4, IF(J7>=$J$4, IF(K7>=$K$4, 4, 3), 2), 1), 0) -> 4 | AL7: =IF(L7>=$L$4, IF(M7>=$M$4, IF(N7>=$N$4, IF(O7>=$O$4, 4, 3), 2), 1), 0) -> 2 | AM7: =IF(AND(U7>=$U$4, W7>=$W$4, Y7>=$Y$4, Z7<>"", Z7>=$Z$4), 5, IF(AND(U7>=$U$4, W7>=$W$4, Y7>=$Y$4), 4, IF(AND(U7>=$U$4, W7>=$W$4), 3, IF(AND(T7>=$T$4, U7>=$U$4), 2, 0 ) ) ) ) -> 3 | AN7: =IF(AB7>=$AB$4, IF(OR(AC7>=$AC$4, AD7>=$AD$4), IF(AND(AE7>=$AE$4, AF7>=$AF$4, OR(AG7>=$AG$4, AH7>=$AH$4)), "4", IF(OR(AE7>=$AE$4, AF7>=$AF$4), "3.5", "3")), "2"), "0") -> 2 | AO7: =IF(P7>=$P$4, IF(Q7>=$Q$4, IF(R7>=$R$4, IF(S7>=$S$4, 4, 3), 2), 1), 0) -> 3
A8: 4 | B8: aasi23ise@cmrit.ac.in | C8: AAYUSH SINGH | D8: =VLOOKUP(B8,USN!$1:$1088,2,False) -> 1CR23IS004 | E8: 9366741579 | F8: ISE | H8: 80 | I8: 87 | J8: =VLOOKUP(D8,'L3'!$1:$2060,2,False) -> 70 | K8: =VLOOKUP(D8,'L4'!$1:$2059,2,False) -> 70 | L8: =VLOOKUP(D8,'A1 RETEST 5 DEC'!$1:$2096,2,FALSE) -> 50 | M8: =VLOOKUP(D8,'A2 RETEST 4 DEC'!$1:$2096,2,False) -> 58 | N8: 20 | P8: =IFNA(VLOOKUP(D8,'S1'!$1:$2000,2,False),0) -> 80 | Q8: =vlookup(D8,'S2'!A4:B1206,2,0) -> 50 | R8: =ifna(vlookup(D8,'S3'!$1:$1311,2,False),0) -> 50 | T8: 19 | U8: 22 | V8: 38 | W8: 56 | X8: 56 | AA8: 100 | AB8: 81 | AC8: 32 | AD8: 100 | AE8: 22 | AG8: 72 | AK8: =IF(H8>=$H$4, IF(I8>=$I$4, IF(J8>=$J$4, IF(K8>=$K$4, 4, 3), 2), 1), 0) -> 4 | AL8: =IF(L8>=$L$4, IF(M8>=$M$4, IF(N8>=$N$4, IF(O8>=$O$4, 4, 3), 2), 1), 0) -> 2 | AM8: =IF(AND(U8>=$U$4, W8>=$W$4, Y8>=$Y$4, Z8<>"", Z8>=$Z$4), 5, IF(AND(U8>=$U$4, W8>=$W$4, Y8>=$Y$4), 4, IF(AND(U8>=$U$4, W8>=$W$4), 3, IF(AND(T8>=$T$4, U8>=$U$4), 2, 0 ) ) ) ) -> 3 | AN8: =IF(AB8>=$AB$4, IF(OR(AC8>=$AC$4, AD8>=$AD$4), IF(AND(AE8>=$AE$4, AF8>=$AF$4, OR(AG8>=$AG$4, AH8>=$AH$4)), "4", IF(OR(AE8>=$AE$4, AF8>=$AF$4), "3.5", "3")), "2"), "0") -> 3 | AO8: =IF(P8>=$P$4, IF(Q8>=$Q$4, IF(R8>=$R$4, IF(S8>=$S$4, 4, 3), 2), 1), 0) -> 3
A9: 5 | B9: abti23ise@cmrit.ac.in | C9: ABHISHEK KUMAR TIWARI | D9: =VLOOKUP(B9,USN!$1:$1088,2,False) -> 1CR23IS005 | E9: 9835158844 | F9: ISE | H9: 84 | I9: 84 | J9: =VLOOKUP(D9,'L3'!$1:$2060,2,False) -> 70 | K9: =VLOOKUP(D9,'L4'!$1:$2059,2,False) -> 70 | L9: =VLOOKUP(D9,'A1 RETEST 5 DEC'!$1:$2096,2,FALSE) -> 50 | M9: =VLOOKUP(D9,'A2 RETEST 4 DEC'!$1:$2096,2,False) -> 55 | N9: 62 | P9: =IFNA(VLOOKUP(D9,'S1'!$1:$2000,2,False),0) -> 50 | Q9: =vlookup(D9,'S2'!A5:B1207,2,0) -> 50 | R9: =ifna(vlookup(D9,'S3'!$1:$1311,2,False),0) -> 66 | T9: 20 | U9: Ab | W9: 56 | X9: 64 | AA9: 92 | AB9: 100 | AC9: 52 | AD9: 70 | AE9: 80 | AG9: 46 | AK9: =IF(H9>=$H$4, IF(I9>=$I$4, IF(J9>=$J$4, IF(K9>=$K$4, 4, 3), 2), 1), 0) -> 4 | AL9: =IF(L9>=$L$4, IF(M9>=$M$4, IF(N9>=$N$4, IF(O9>=$O$4, 4, 3), 2), 1), 0) -> 3 | AM9: =IF(AND(U9>=$U$4, W9>=$W$4, Y9>=$Y$4, Z9<>"", Z9>=$Z$4), 5, IF(AND(U9>=$U$4, W9>=$W$4, Y9>=$Y$4), 4, IF(AND(U9>=$U$4, W9>=$W$4), 3, IF(AND(T9>=$T$4, U9>=$U$4), 2, 0 ) ) ) ) -> 3 | AN9: =IF(AB9>=$AB$4, IF(OR(AC9>=$AC$4, AD9>=$AD$4), IF(AND(AE9>=$AE$4, AF9>=$AF$4, OR(AG9>=$AG$4, AH9>=$AH$4)), "4", IF(OR(AE9>=$AE$4, AF9>=$AF$4), "3.5", "3")), "2"), "0") -> 3.5 | AO9: =IF(P9>=$P$4, IF(Q9>=$Q$4, IF(R9>=$R$4, IF(S9>=$S$4, 4, 3), 2), 1), 0) -> 3
A10: 6 | B10: abm23ise@cmrit.ac.in | C10: ABHISHEK M | D10: =VLOOKUP(B10,USN!$1:$1088,2,False) -> 1CR23IS006 | E10: 9108526725 | F10: ISE | H10: 72 | I10: 86 | J10: =VLOOKUP(D10,'L3'!$1:$2060,2,False) -> 70 | K10: =VLOOKUP(D10,'L4'!$1:$2059,2,False) -> 70 | L10: =VLOOKUP(D10,'A1 RETEST 5 DEC'!$1:$2096,2,FALSE) -> 50 | M10: =VLOOKUP(D10,'A2 RETEST 4 DEC'!$1:$2096,2,False) -> 50 | N10: 8 | P10: =IFNA(VLOOKUP(D10,'S1'!$1:$2000,2,False),0) -> 82 | Q10: =vlookup(D10,'S2'!A6:B1208,2,0) -> 50 | R10: =ifna(vlookup(D10,'S3'!$1:$1311,2,False),0) -> 78 | T10: 11 | U10: 21 | V10: 44 | X10: 92 | AA10: 52 | AB10: 88 | AC10: 83 | AD10: 100 | AE10: 70 | AG10: 28 | AK10: =IF(H10>=$H$4, IF(I10>=$I$4, IF(J10>=$J$4, IF(K10>=$K$4, 4, 3), 2), 1), 0) -> 4 | AL10: =IF(L10>=$L$4, IF(M10>=$M$4, IF(N10>=$N$4, IF(O10>=$O$4, 4, 3), 2), 1), 0) -> 2 | AM10: =IF(AND(U10>=$U$4, W10>=$W$4, Y10>=$Y$4, Z10<>"", Z10>=$Z$4), 5, IF(AND(U10>=$U$4, W10>=$W$4, Y10>=$Y$4), 4, IF(AND(U10>=$U$4, W10>=$W$4), 3, IF(AND(T10>=$T$4, U10>=$U$4), 2, 0 ) ) ) ) -> 2 | AN10: =IF(AB10>=$AB$4, IF(OR(AC10>=$AC$4, AD10>=$AD$4), IF(AND(AE10>=$AE$4, AF10>=$AF$4, OR(AG10>=$AG$4, AH10>=$AH$4)), "4", IF(OR(AE10>=$AE$4, AF10>=$AF$4), "3.5", "3")), "2"), "0") -> 3.5 | AO10: =IF(P10>=$P$4, IF(Q10>=$Q$4, IF(R10>=$R$4, IF(S10>=$S$4, 4, 3), 2), 1), 0) -> 3
A11: 7 | B11: ahsu23ise@cmrit.ac.in | C11: AHIMANSHU SURYAM | D11: =VLOOKUP(B11,USN!$1:$1088,2,False) -> 1CR23IS007 | E11: 9631886999 | F11: ISE | H11: 75 | I11: 86 | J11: =VLOOKUP(D11,'L3'!$1:$2060,2,False) -> 70 | K11: =VLOOKUP(D11,'L4'!$1:$2059,2,False) -> 70 | L11: =VLOOKUP(D11,'A1 RETEST 5 DEC'!$1:$2096,2,FALSE) -> 50 | M11: =VLOOKUP(D11,'A2 RETEST 4 DEC'!$1:$2096,2,False) -> 50 | N11: 58 | P11: =IFNA(VLOOKUP(D11,'S1'!$1:$2000,2,False),0) -> 50 | Q11: =vlookup(D11,'S2'!A7:B1209,2,0) -> 50 | R11: =ifna(vlookup(D11,'S3'!$1:$1311,2,False),0) -> 50 | T11: 22 | U11: 24 | V11: 46 | W11: 50 | X11: 84 | AA11: 100 | AB11: 99 | AC11: 77 | AD11: 69 | AE11: 70 | AG11: 45 | AK11: =IF(H11>=$H$4, IF(I11>=$I$4, IF(J11>=$J$4, IF(K11>=$K$4, 4, 3), 2), 1), 0) -> 4 | AL11: =IF(L11>=$L$4, IF(M11>=$M$4, IF(N11>=$N$4, IF(O11>=$O$4, 4, 3), 2), 1), 0) -> 3 | AM11: =IF(AND(U11>=$U$4, W11>=$W$4, Y11>=$Y$4, Z11<>"", Z11>=$Z$4), 5, IF(AND(U11>=$U$4, W11>=$W$4, Y11>=$Y$4), 4, IF(AND(U11>=$U$4, W11>=$W$4), 3, IF(AND(T11>=$T$4, U11>=$U$4), 2, 0 ) ) ) ) -> 3 | AN11: =IF(AB11>=$AB$4, IF(OR(AC11>=$AC$4, AD11>=$AD$4), IF(AND(AE11>=$AE$4, AF11>=$AF$4, OR(AG11>=$AG$4, AH11>=$AH$4)), "4", IF(OR(AE11>=$AE$4, AF11>=$AF$4), "3.5", "3")), "2"), "0") -> 3.5 | AO11: =IF(P11>=$P$4, IF(Q11>=$Q$4, IF(R11>=$R$4, IF(S11>=$S$4, 4, 3), 2), 1), 0) -> 3
A12: 8 | B12: akpa23ise@cmrit.ac.in | C12: AKANKSHA PANDIT | D12: =VLOOKUP(B12,USN!$1:$1088,2,False) -> 1CR23IS008 | E12: 9148868051 | F12: ISE | H12: 79 | I12: 88 | J12: =VLOOKUP(D12,'L3'!$1:$2060,2,False) -> 70 | K12: =VLOOKUP(D12,'L4'!$1:$2059,2,False) -> 70 | L12: =VLOOKUP(D12,'A1 RETEST 5 DEC'!$1:$2096,2,FALSE) -> 50 | M12: =VLOOKUP(D12,'A2 RETEST 4 DEC'!$1:$2096,2,False) -> 50 | N12: 52 | P12: =IFNA(VLOOKUP(D12,'S1'!$1:$2000,2,False),0) -> 80 | Q12: =vlookup(D12,'S2'!A8:B1210,2,0) -> 50 | R12: =ifna(vlookup(D12,'S3'!$1:$1311,2,False),0) -> 87 | T12: 12 | U12: 11 | W12: 68 | X12: 68 | AA12: 100 | AB12: 100 | AC12: 77 | AD12: 64 | AE12: 70 | AG12: 47 | AK12: =IF(H12>=$H$4, IF(I12>=$I$4, IF(J12>=$J$4, IF(K12>=$K$4, 4, 3), 2), 1), 0) -> 4 | AL12: =IF(L12>=$L$4, IF(M12>=$M$4, IF(N12>=$N$4, IF(O12>=$O$4, 4, 3), 2), 1), 0) -> 3 | AM12: =IF(AND(U12>=$U$4, W12>=$W$4, Y12>=$Y$4, Z12<>"", Z12>=$Z$4), 5, IF(AND(U12>=$U$4, W12>=$W$4, Y12>=$Y$4), 4, IF(AND(U12>=$U$4, W12>=$W$4), 3, IF(AND(T12>=$T$4, U12>=$U$4), 2, 0 ) ) ) ) -> 3 | AN12: =IF(AB12>=$AB$4, IF(OR(AC12>=$AC$4, AD12>=$AD$4), IF(AND(AE12>=$AE$4, AF12>=$AF$4, OR(AG12>=$AG$4, AH12>=$AH$4)), "4", IF(OR(AE12>=$AE$4, AF12>=$AF$4), "3.5", "3")), "2"), "0") -> 3.5 | AO12: =IF(P12>=$P$4, IF(Q12>=$Q$4, IF(R12>=$R$4, IF(S12>=$S$4, 4, 3), 2), 1), 0) -> 3
A13: 9 | B13: akku23ise@cmrit.ac.in | C13: AKANSHA KUMARI | D13: =VLOOKUP(B13,USN!$1:$1088,2,False) -> 1CR23IS009 | E13: 7488695488 | F13: ISE | H13: 83 | I13: 84 | J13: =VLOOKUP(D13,'L3'!$1:$2060,2,False) -> 70 | K13: =VLOOKUP(D13,'L4'!$1:$2059,2,False) -> 70 | L13: =VLOOKUP(D13,'A1 RETEST 5 DEC'!$1:$2096,2,FALSE) -> 50 | M13: =VLOOKUP(D13,'A2 RETEST 4 DEC'!$1:$2096,2,False) -> 24 | N13: 50 | P13: =IFNA(VLOOKUP(D13,'S1'!$1:$2000,2,False),0) -> 81 | Q13: =vlookup(D13,'S2'!A9:B1211,2,0) -> 50 | R13: =ifna(vlookup(D13,'S3'!$1:$1311,2,False),0) -> 83 | T13: 13 | U13: 13 | W13: 60 | X13: 84 | AA13: 100 | AB13: 100 | AC13: 77 | AD13: 64 | AE13: 78 | AG13: 29 | AK13: =IF(H13>=$H$4, IF(I13>=$I$4, IF(J13>=$J$4, IF(K13>=$K$4, 4, 3), 2), 1), 0) -> 4 | AL13: =IF(L13>=$L$4, IF(M13>=$M$4, IF(N13>=$N$4, IF(O13>=$O$4, 4, 3), 2), 1), 0) -> 1 | AM13: =IF(AND(U13>=$U$4, W13>=$W$4, Y13>=$Y$4, Z13<>"", Z13>=$Z$4), 5, IF(AND(U13>=$U$4, W13>=$W$4, Y13>=$Y$4), 4, IF(AND(U13>=$U$4, W13>=$W$4), 3, IF(AND(T13>=$T$4, U13>=$U$4), 2, 0 ) ) ) ) -> 3 | AN13: =IF(AB13>=$AB$4, IF(OR(AC13>=$AC$4, AD13>=$AD$4), IF(AND(AE13>=$AE$4, AF13>=$AF$4, OR(AG13>=$AG$4, AH13>=$AH$4)), "4", IF(OR(AE13>=$AE$4, AF13>=$AF$4), "3.5", "3")), "2"), "0") -> 3.5 | AO13: =IF(P13>=$P$4, IF(Q13>=$Q$4, IF(R13>=$R$4, IF(S13>=$S$4, 4, 3), 2), 1), 0) -> 3
A14: 10 | B14: aks23ise@cmrit.ac.in | C14: AKSHATA SHASTRI S | D14: =VLOOKUP(B14,USN!$1:$1088,2,False) -> 1CR23IS010 | E14: 9113857044 | F14: ISE | H14: 72 | I14: 92 | J14: =VLOOKUP(D14,'L3'!$1:$2060,2,False) -> 70 | K14: =VLOOKUP(D14,'L4'!$1:$2059,2,False) -> 73 | L14: =VLOOKUP(D14,'A1 RETEST 5 DEC'!$1:$2096,2,FALSE) -> 50 | M14: =VLOOKUP(D14,'A2 RETEST 4 DEC'!$1:$2096,2,False) -> 22 | N14: 55 | P14: =IFNA(VLOOKUP(D14,'S1'!$1:$2000,2,False),0) -> 91 | Q14: =vlookup(D14,'S2'!A10:B1212,2,0) -> 55 | R14: =ifna(vlookup(D14,'S3'!$1:$1311,2,False),0) -> 50 | T14: 11 | U14: 24 | V14: 42 | W14: 56 | X14: 64 | AA14: 84 | AB14: 100 | AC14: 66 | AD14: 83 | AE14: 70 | AG14: 45 | AK14: =IF(H14>=$H$4, IF(I14>=$I$4, IF(J14>=$J$4, IF(K14>=$K$4, 4, 3), 2), 1), 0) -> 4 | AL14: =IF(L14>=$L$4, IF(M14>=$M$4, IF(N14>=$N$4, IF(O14>=$O$4, 4, 3), 2), 1), 0) -> 1 | AM14: =IF(AND(U14>=$U$4, W14>=$W$4, Y14>=$Y$4, Z14<>"", Z14>=$Z$4), 5, IF(AND(U14>=$U$4, W14>=$W$4, Y14>=$Y$4), 4, IF(AND(U14>=$U$4, W14>=$W$4), 3, IF(AND(T14>=$T$4, U14>=$U$4), 2, 0 ) ) ) ) -> 3 | AN14: =IF(AB14>=$AB$4, IF(OR(AC14>=$AC$4, AD14>=$AD$4), IF(AND(AE14>=$AE$4, AF14>=$AF$4, OR(AG14>=$AG$4, AH14>=$AH$4)), "4", IF(OR(AE14>=$AE$4, AF14>=$AF$4), "3.5", "3")), "2"), "0") -> 3.5 | AO14: =IF(P14>=$P$4, IF(Q14>=$Q$4, IF(R14>=$R$4, IF(S14>=$S$4, 4, 3), 2), 1), 0) -> 3
A15: 11 | B15: alpa23ise@cmrit.ac.in | C15: Alina Paul | D15: =VLOOKUP(B15,USN!$1:$1088,2,False) -> 1CR23IS011 | E15: 7975790986 | F15: ISE | H15: 87 | I15: 91 | J15: =VLOOKUP(D15,'L3'!$1:$2060,2,False) -> 70 | K15: =VLOOKUP(D15,'L4'!$1:$2059,2,False) -> 73 | L15: =VLOOKUP(D15,'A1 RETEST 5 DEC'!$1:$2096,2,FALSE) -> 50 | M15: =VLOOKUP(D15,'A2 RETEST 4 DEC'!$1:$2096,2,False) -> 44 | N15: 50 | P15: =IFNA(VLOOKUP(D15,'S1'!$1:$2000,2,False),0) -> 79 | Q15: =vlookup(D15,'S2'!A11:B1213,2,0) -> 81 | R15: =ifna(vlookup(D15,'S3'!$1:$1311,2,False),0) -> 50 | T15: 20 | U15: 23 | V15: 34 | W15: 68 | X15: 60 | AA15: 88 | AB15: 97 | AC15: 69 | AD15: 85 | AE15: 75 | AG15: 78 | AK15: =IF(H15>=$H$4, IF(I15>=$I$4, IF(J15>=$J$4, IF(K15>=$K$4, 4, 3), 2), 1), 0) -> 4 | AL15: =IF(L15>=$L$4, IF(M15>=$M$4, IF(N15>=$N$4, IF(O15>=$O$4, 4, 3), 2), 1), 0) -> 1 | AM15: =IF(AND(U15>=$U$4, W15>=$W$4, Y15>=$Y$4, Z15<>"", Z15>=$Z$4), 5, IF(AND(U15>=$U$4, W15>=$W$4, Y15>=$Y$4), 4, IF(AND(U15>=$U$4, W15>=$W$4), 3, IF(AND(T15>=$T$4, U15>=$U$4), 2, 0 ) ) ) ) -> 3 | AN15: =IF(AB15>=$AB$4, IF(OR(AC15>=$AC$4, AD15>=$AD$4), IF(AND(AE15>=$AE$4, AF15>=$AF$4, OR(AG15>=$AG$4, AH15>=$AH$4)), "4", IF(OR(AE15>=$AE$4, AF15>=$AF$4), "3.5", "3")), "2"), "0") -> 3.5 | AO15: =IF(P15>=$P$4, IF(Q15>=$Q$4, IF(R15>=$R$4, IF(S15>=$S$4, 4, 3), 2), 1), 0) -> 3
A16: 12 | B16: amsh23ise@cmrit.ac.in | C16: AMAN SHEKHAR | D16: =VLOOKUP(B16,USN!$1:$1088,2,False) -> 1CR23IS012 | E16: 9532410400 | F16: ISE | H16: 81 | I16: 79 | J16: =VLOOKUP(D16,'L3'!$1:$2060,2,False) -> 70 | K16: =VLOOKUP(D16,'L4'!$1:$2059,2,False) -> 70 | L16: =VLOOKUP(D16,'A1 RETEST 5 DEC'!$1:$2096,2,FALSE) -> 50 | M16: =VLOOKUP(D16,'A2 RETEST 4 DEC'!$1:$2096,2,False) -> 57 | N16: 50 | P16: =IFNA(VLOOKUP(D16,'S1'!$1:$2000,2,False),0) -> 79 | Q16: =vlookup(D16,'S2'!A12:B1214,2,0) -> 50 | R16: =ifna(vlookup(D16,'S3'!$1:$1311,2,False),0) -> 50 | T16: 17 | U16: 22 | V16: 46 | W16: 52 | X16: 72 | AA16: 100 | AB16: 100 | AC16: 69 | AD16: 79 | AE16: 70 | AG16: 44 | AK16: =IF(H16>=$H$4, IF(I16>=$I$4, IF(J16>=$J$4, IF(K16>=$K$4, 4, 3), 2), 1), 0) -> 4 | AL16: =IF(L16>=$L$4, IF(M16>=$M$4, IF(N16>=$N$4, IF(O16>=$O$4, 4, 3), 2), 1), 0) -> 3 | AM16: =IF(AND(U16>=$U$4, W16>=$W$4, Y16>=$Y$4, Z16<>"", Z16>=$Z$4), 5, IF(AND(U16>=$U$4, W16>=$W$4, Y16>=$Y$4), 4, IF(AND(U16>=$U$4, W16>=$W$4), 3, IF(AND(T16>=$T$4, U16>=$U$4), 2, 0 ) ) ) ) -> 3 | AN16: =IF(AB16>=$AB$4, IF(OR(AC16>=$AC$4, AD16>=$AD$4), IF(AND(AE16>=$AE$4, AF16>=$AF$4, OR(AG16>=$AG$4, AH16>=$AH$4)), "4", IF(OR(AE16>=$AE$4, AF16>=$AF$4), "3.5", "3")), "2"), "0") -> 3.5 | AO16: =IF(P16>=$P$4, IF(Q16>=$Q$4, IF(R16>=$R$4, IF(S16>=$S$4, 4, 3), 2), 1), 0) -> 3
A17: 13 | B17: amkr23ise@cmrit.ac.in | C17: AMI KRISHNA | D17: =VLOOKUP(B17,USN!$1:$1088,2,False) -> 1CR23IS013 | E17: 9122791845 | F17: ISE | H17: 83 | I17: 75 | J17: =VLOOKUP(D17,'L3'!$1:$2060,2,False) -> 70 | K17: =VLOOKUP(D17,'L4'!$1:$2059,2,False) -> 75 | L17: =VLOOKUP(D17,'A1 RETEST 5 DEC'!$1:$2096,2,FALSE) -> 50 | M17: =VLOOKUP(D17,'A2 RETEST 4 DEC'!$1:$2096,2,False) -> 20 | N17: 32 | P17: =IFNA(VLOOKUP(D17,'S1'!$1:$2000,2,False),0) -> 77 | Q17: =vlookup(D17,'S2'!A13:B1215,2,0) -> 70 | R17: =ifna(vlookup(D17,'S3'!$1:$1311,2,False),0) -> 76 | T17: 11 | U17: Ab | V17: 44 | W17: 36 | X17: 28 | AA17: 64 | AB17: 72 | AC17: 25 | AD17: 75 | AE17: 17 | AG17: 64 | AK17: =IF(H17>=$H$4, IF(I17>=$I$4, IF(J17>=$J$4, IF(K17>=$K$4, 4, 3), 2), 1), 0) -> 4 | AL17: =IF(L17>=$L$4, IF(M17>=$M$4, IF(N17>=$N$4, IF(O17>=$O$4, 4, 3), 2), 1), 0) -> 1 | AM17: =IF(AND(U17>=$U$4, W17>=$W$4, Y17>=$Y$4, Z17<>"", Z17>=$Z$4), 5, IF(AND(U17>=$U$4, W17>=$W$4, Y17>=$Y$4), 4, IF(AND(U17>=$U$4, W17>=$W$4), 3, IF(AND(T17>=$T$4, U17>=$U$4), 2, 0 ) ) ) ) -> 2 | AN17: =IF(AB17>=$AB$4, IF(OR(AC17>=$AC$4, AD17>=$AD$4), IF(AND(AE17>=$AE$4, AF17>=$AF$4, OR(AG17>=$AG$4, AH17>=$AH$4)), "4", IF(OR(AE17>=$AE$4, AF17>=$AF$4), "3.5", "3")), "2"), "0") -> 3 | AO17: =IF(P17>=$P$4, IF(Q17>=$Q$4, IF(R17>=$R$4, IF(S17>=$S$4, 4, 3), 2), 1), 0) -> 3
A18: 14 | B18: anra23ise@cmrit.ac.in | C18: ANANYA RANE | D18: =VLOOKUP(B18,USN!$1:$1088,2,False) -> 1CR23IS014 | E18: 9845961023 | F18: ISE | H18: 85 | I18: 97 | J18: =VLOOKUP(D18,'L3'!$1:$2060,2,False) -> 88 | K18: =VLOOKUP(D18,'L4'!$1:$2059,2,False) -> 73 | L18: =VLOOKUP(D18,'A1 RETEST 5 DEC'!$1:$2096,2,FALSE) -> 52 | M18: =VLOOKUP(D18,'A2 RETEST 4 DEC'!$1:$2096,2,False) -> 50 | N18: 55 | P18: =IFNA(VLOOKUP(D18,'S1'!$1:$2000,2,False),0) -> 80 | Q18: =vlookup(D18,'S2'!A14:B1216,2,0) -> 84 | R18: =ifna(vlookup(D18,'S3'!$1:$1311,2,False),0) -> 93 | T18: 13 | U18: 14 | V18: 42 | W18: 44 | X18: 80 | AA18: 92 | AB18: 97 | AC18: 63 | AD18: 34 | AE18: 70 | AG18: 70 | AK18: =IF(H18>=$H$4, IF(I18>=$I$4, IF(J18>=$J$4, IF(K18>=$K$4, 4, 3), 2), 1), 0) -> 4 | AL18: =IF(L18>=$L$4, IF(M18>=$M$4, IF(N18>=$N$4, IF(O18>=$O$4, 4, 3), 2), 1), 0) -> 3 | AM18: =IF(AND(U18>=$U$4, W18>=$W$4, Y18>=$Y$4, Z18<>"", Z18>=$Z$4), 5, IF(AND(U18>=$U$4, W18>=$W$4, Y18>=$Y$4), 4, IF(AND(U18>=$U$4, W18>=$W$4), 3, IF(AND(T18>=$T$4, U18>=$U$4), 2, 0 ) ) ) ) -> 2 | AN18: =IF(AB18>=$AB$4, IF(OR(AC18>=$AC$4, AD18>=$AD$4), IF(AND(AE18>=$AE$4, AF18>=$AF$4, OR(AG18>=$AG$4, AH18>=$AH$4)), "4", IF(OR(AE18>=$AE$4, AF18>=$AF$4), "3.5", "3")), "2"), "0") -> 3.5 | AO18: =IF(P18>=$P$4, IF(Q18>=$Q$4, IF(R18>=$R$4, IF(S18>=$S$4, 4, 3), 2), 1), 0) -> 3
A19: 15 | B19: anve23ise@cmrit.ac.in | C19: ANANYA VERMA | D19: =VLOOKUP(B19,USN!$1:$1088,2,False) -> 1CR23IS015 | E19: 8105722737 | F19: ISE | H19: 75 | I19: 86 | J19: =VLOOKUP(D19,'L3'!$1:$2060,2,False) -> 70 | K19: =VLOOKUP(D19,'L4'!$1:$2059,2,False) -> 72 | L19: =VLOOKUP(D19,'A1 RETEST 5 DEC'!$1:$2096,2,FALSE) -> 50 | M19: =VLOOKUP(D19,'A2 RETEST 4 DEC'!$1:$2096,2,False) -> 50 | N19: 47 | P19: =IFNA(VLOOKUP(D19,'S1'!$1:$2000,2,False),0) -> 80 | Q19: =vlookup(D19,'S2'!A15:B1217,2,0) -> 55 | R19: =ifna(vlookup(D19,'S3'!$1:$1311,2,False),0) -> 50 | T19: 19 | U19: 24 | V19: 48 | W19: 48 | X19: 80 | AA19: 100 | AB19: 97 | AC19: 47 | AD19: 44 | AE19: 24 | AG19: 46 | AK19: =IF(H19>=$H$4, IF(I19>=$I$4, IF(J19>=$J$4, IF(K19>=$K$4, 4, 3), 2), 1), 0) -> 4 | AL19: =IF(L19>=$L$4, IF(M19>=$M$4, IF(N19>=$N$4, IF(O19>=$O$4, 4, 3), 2), 1), 0) -> 2 | AM19: =IF(AND(U19>=$U$4, W19>=$W$4, Y19>=$Y$4, Z19<>"", Z19>=$Z$4), 5, IF(AND(U19>=$U$4, W19>=$W$4, Y19>=$Y$4), 4, IF(AND(U19>=$U$4, W19>=$W$4), 3, IF(AND(T19>=$T$4, U19>=$U$4), 2, 0 ) ) ) ) -> 2 | AN19: =IF(AB19>=$AB$4, IF(OR(AC19>=$AC$4, AD19>=$AD$4), IF(AND(AE19>=$AE$4, AF19>=$AF$4, OR(AG19>=$AG$4, AH19>=$AH$4)), "4", IF(OR(AE19>=$AE$4, AF19>=$AF$4), "3.5", "3")), "2"), "0") -> 2 | AO19: =IF(P19>=$P$4, IF(Q19>=$Q$4, IF(R19>=$R$4, IF(S19>=$S$4, 4, 3), 2), 1), 0) -> 3
A20: 16 | B20: ansi23ise@cmrit.ac.in | C20: ANKITA SIVARAMAKRISHNAN | D20: =VLOOKUP(B20,USN!$1:$1088,2,False) -> 1CR23IS016 | E20: 6364353888 | F20: ISE | H20: 85 | I20: 96 | J20: =VLOOKUP(D20,'L3'!$1:$2060,2,False) -> 77 | K20: =VLOOKUP(D20,'L4'!$1:$2059,2,False) -> 74 | L20: =VLOOKUP(D20,'A1 RETEST 5 DEC'!$1:$2096,2,FALSE) -> 44 | M20: =VLOOKUP(D20,'A2 RETEST 4 DEC'!$1:$2096,2,False) -> 33 | N20: 22 | P20: =IFNA(VLOOKUP(D20,'S1'!$1:$2000,2,False),0) -> 93 | Q20: =vlookup(D20,'S2'!A16:B1218,2,0) -> 70 | R20: =ifna(vlookup(D20,'S3'!$1:$1311,2,False),0) -> 84 | T20: 14 | U20: 17 | V20: 44 | W20: 44 | X20: 0 | AA20: 100 | AB20: 100 | AC20: 27 | AD20: 60 | AE20: 41 | AG20: 74 | AK20: =IF(H20>=$H$4, IF(I20>=$I$4, IF(J20>=$J$4, IF(K20>=$K$4, 4, 3), 2), 1), 0) -> 4 | AL20: =IF(L20>=$L$4, IF(M20>=$M$4, IF(N20>=$N$4, IF(O20>=$O$4, 4, 3), 2), 1), 0) -> 0 | AM20: =IF(AND(U20>=$U$4, W20>=$W$4, Y20>=$Y$4, Z20<>"", Z20>=$Z$4), 5, IF(AND(U20>=$U$4, W20>=$W$4, Y20>=$Y$4), 4, IF(AND(U20>=$U$4, W20>=$W$4), 3, IF(AND(T20>=$T$4, U20>=$U$4), 2, 0 ) ) ) ) -> 2 | AN20: =IF(AB20>=$AB$4, IF(OR(AC20>=$AC$4, AD20>=$AD$4), IF(AND(AE20>=$AE$4, AF20>=$AF$4, OR(AG20>=$AG$4, AH20>=$AH$4)), "4", IF(OR(AE20>=$AE$4, AF20>=$AF$4), "3.5", "3")), "2"), "0") -> 3 | AO20: =IF(P20>=$P$4, IF(Q20>=$Q$4, IF(R20>=$R$4, IF(S20>=$S$4, 4, 3), 2), 1), 0) -> 3
A21: 17 | B21: anbs23ise@cmrit.ac.in | C21: ANUSHKA B S | D21: =VLOOKUP(B21,USN!$1:$1088,2,False) -> 1CR23IS017 | E21: 8073959737 | F21: ISE | H21: 86 | I21: 90 | J21: =VLOOKUP(D21,'L3'!$1:$2060,2,False) -> 70 | K21: =VLOOKUP(D21,'L4'!$1:$2059,2,False) -> 77 | L21: =VLOOKUP(D21,'A1 RETEST 5 DEC'!$1:$2096,2,FALSE) -> 50 | M21: =VLOOKUP(D21,'A2 RETEST 4 DEC'!$1:$2096,2,False) -> 50 | N21: 51 | P21: =IFNA(VLOOKUP(D21,'S1'!$1:$2000,2,False),0) -> 80 | Q21: =vlookup(D21,'S2'!A17:B1219,2,0) -> 78 | R21: =ifna(vlookup(D21,'S3'!$1:$1311,2,False),0) -> 63 | T21: 12 | U21: 21 | W21: 48 | X21: 84 | AA21: 66 | AB21: 100 | AC21: 67 | AD21: 100 | AE21: 70 | AG21: 79 | AK21: =IF(H21>=$H$4, IF(I21>=$I$4, IF(J21>=$J$4, IF(K21>=$K$4, 4, 3), 2), 1), 0) -> 4 | AL21: =IF(L21>=$L$4, IF(M21>=$M$4, IF(N21>=$N$4, IF(O21>=$O$4, 4, 3), 2), 1), 0) -> 3 | AM21: =IF(AND(U21>=$U$4, W21>=$W$4, Y21>=$Y$4, Z21<>"", Z21>=$Z$4), 5, IF(AND(U21>=$U$4, W21>=$W$4, Y21>=$Y$4), 4, IF(AND(U21>=$U$4, W21>=$W$4), 3, IF(AND(T21>=$T$4, U21>=$U$4), 2, 0 ) ) ) ) -> 2 | AN21: =IF(AB21>=$AB$4, IF(OR(AC21>=$AC$4, AD21>=$AD$4), IF(AND(AE21>=$AE$4, AF21>=$AF$4, OR(AG21>=$AG$4, AH21>=$AH$4)), "4", IF(OR(AE21>=$AE$4, AF21>=$AF$4), "3.5", "3")), "2"), "0") -> 3.5 | AO21: =IF(P21>=$P$4, IF(Q21>=$Q$4, IF(R21>=$R$4, IF(S21>=$S$4, 4, 3), 2), 1), 0) -> 3
A22: 18 | B22: anusi23ise@cmrit.ac.in | C22: ANUSHKA SINHA | D22: =VLOOKUP(B22,USN!$1:$1088,2,False) -> 1CR23IS018 | E22: 9695140116 | F22: ISE | H22: 80 | I22: 84 | J22: =VLOOKUP(D22,'L3'!$1:$2060,2,False) -> 70 | K22: =VLOOKUP(D22,'L4'!$1:$2059,2,False) -> 70 | L22: =VLOOKUP(D22,'A1 RETEST 5 DEC'!$1:$2096,2,FALSE) -> 50 | M22: =VLOOKUP(D22,'A2 RETEST 4 DEC'!$1:$2096,2,False) -> 50 | N22: 58 | P22: =IFNA(VLOOKUP(D22,'S1'!$1:$2000,2,False),0) -> 91 | Q22: =vlookup(D22,'S2'!A18:B1220,2,0) -> 84 | R22: =ifna(vlookup(D22,'S3'!$1:$1311,2,False),0) -> 50 | T22: 10 | U22: 19 | V22: 46 | W22: 60 | X22: 84 | AA22: 100 | AB22: 98 | AC22: 87 | AD22: 70 | AE22: 26 | AG22: 71 | AK22: =IF(H22>=$H$4, IF(I22>=$I$4, IF(J22>=$J$4, IF(K22>=$K$4, 4, 3), 2), 1), 0) -> 4 | AL22: =IF(L22>=$L$4, IF(M22>=$M$4, IF(N22>=$N$4, IF(O22>=$O$4, 4, 3), 2), 1), 0) -> 3 | AM22: =IF(AND(U22>=$U$4, W22>=$W$4, Y22>=$Y$4, Z22<>"", Z22>=$Z$4), 5, IF(AND(U22>=$U$4, W22>=$W$4, Y22>=$Y$4), 4, IF(AND(U22>=$U$4, W22>=$W$4), 3, IF(AND(T22>=$T$4, U22>=$U$4), 2, 0 ) ) ) ) -> 3 | AN22: =IF(AB22>=$AB$4, IF(OR(AC22>=$AC$4, AD22>=$AD$4), IF(AND(AE22>=$AE$4, AF22>=$AF$4, OR(AG22>=$AG$4, AH22>=$AH$4)), "4", IF(OR(AE22>=$AE$4, AF22>=$AF$4), "3.5", "3")), "2"), "0") -> 3 | AO22: =IF(P22>=$P$4, IF(Q22>=$Q$4, IF(R22>=$R$4, IF(S22>=$S$4, 4, 3), 2), 1), 0) -> 3
A23: 19 | B23: appa23ise@cmrit.ac.in | C23: APARICHITA PADHEE | D23: =VLOOKUP(B23,USN!$1:$1088,2,False) -> 1CR23IS019 | E23: 9019042830 | F23: ISE | H23: 87 | I23: 96 | J23: =VLOOKUP(D23,'L3'!$1:$2060,2,False) -> 70 | K23: =VLOOKUP(D23,'L4'!$1:$2059,2,False) -> 72 | L23: =VLOOKUP(D23,'A1 RETEST 5 DEC'!$1:$2096,2,FALSE) -> 50 | M23: =VLOOKUP(D23,'A2 RETEST 4 DEC'!$1:$2096,2,False) -> 57 | N23: 45 | P23: =IFNA(VLOOKUP(D23,'S1'!$1:$2000,2,False),0) -> 77 | Q23: =vlookup(D23,'S2'!A19:B1221,2,0) -> 84 | R23: =ifna(vlookup(D23,'S3'!$1:$1311,2,False),0) -> 83 | T23: 16 | U23: 19 | V23: 46 | X23: 84 | AA23: 94 | AB23: 97 | AC23: 97 | AD23: 70 | AE23: 70 | AG23: 75 | AK23: =IF(H23>=$H$4, IF(I23>=$I$4, IF(J23>=$J$4, IF(K23>=$K$4, 4, 3), 2), 1), 0) -> 4 | AL23: =IF(L23>=$L$4, IF(M23>=$M$4, IF(N23>=$N$4, IF(O23>=$O$4, 4, 3), 2), 1), 0) -> 2 | AM23: =IF(AND(U23>=$U$4, W23>=$W$4, Y23>=$Y$4, Z23<>"", Z23>=$Z$4), 5, IF(AND(U23>=$U$4, W23>=$W$4, Y23>=$Y$4), 4, IF(AND(U23>=$U$4, W23>=$W$4), 3, IF(AND(T23>=$T$4, U23>=$U$4), 2, 0 ) ) ) ) -> 2 | AN23: =IF(AB23>=$AB$4, IF(OR(AC23>=$AC$4, AD23>=$AD$4), IF(AND(AE23>=$AE$4, AF23>=$AF$4, OR(AG23>=$AG$4, AH23>=$AH$4)), "4", IF(OR(AE23>=$AE$4, AF23>=$AF$4), "3.5", "3")), "2"), "0") -> 3.5 | AO23: =IF(P23>=$P$4, IF(Q23>=$Q$4, IF(R23>=$R$4, IF(S23>=$S$4, 4, 3), 2), 1), 0) -> 3
A24: 20 | B24: arp23ise@cmrit.ac.in | C24: ARYA P | D24: =VLOOKUP(B24,USN!$1:$1088,2,False) -> 1CR23IS020 | E24: 8861152354 | F24: ISE | H24: 76 | I24: 81 | J24: =VLOOKUP(D24,'L3'!$1:$2060,2,False) -> 6 | K24: =VLOOKUP(D24,'L4'!$1:$2059,2,False) -> 10 | L24: =VLOOKUP(D24,'A1 RETEST 5 DEC'!$1:$2096,2,FALSE) -> 14 | M24: =VLOOKUP(D24,'A2 RETEST 4 DEC'!$1:$2096,2,False) -> 0 | N24: 0 | P24: =IFNA(VLOOKUP(D24,'S1'!$1:$2000,2,False),0) -> 0 | Q24: =vlookup(D24,'S2'!A20:B1222,2,0) -> 0 | R24: =ifna(vlookup(D24,'S3'!$1:$1311,2,False),0) -> 0 | T24: Ab | U24: Ab | X24: 0 | AA24: 64 | AB24: 95 | AC24: 0 | AD24: 0 | AE24: 10 | AG24: 32 | AK24: =IF(H24>=$H$4, IF(I24>=$I$4, IF(J24>=$J$4, IF(K24>=$K$4, 4, 3), 2), 1), 0) -> 2 | AL24: =IF(L24>=$L$4, IF(M24>=$M$4, IF(N24>=$N$4, IF(O24>=$O$4, 4, 3), 2), 1), 0) -> 0 | AM24: =IF(AND(U24>=$U$4, W24>=$W$4, Y24>=$Y$4, Z24<>"", Z24>=$Z$4), 5, IF(AND(U24>=$U$4, W24>=$W$4, Y24>=$Y$4), 4, IF(AND(U24>=$U$4, W24>=$W$4), 3, IF(AND(T24>=$T$4, U24>=$U$4), 2, 0 ) ) ) ) -> 2 | AN24: =IF(AB24>=$AB$4, IF(OR(AC24>=$AC$4, AD24>=$AD$4), IF(AND(AE24>=$AE$4, AF24>=$AF$4, OR(AG24>=$AG$4, AH24>=$AH$4)), "4", IF(OR(AE24>=$AE$4, AF24>=$AF$4), "3.5", "3")), "2"), "0") -> 2 | AO24: =IF(P24>=$P$4, IF(Q24>=$Q$4, IF(R24>=$R$4, IF(S24>=$S$4, 4, 3), 2), 1), 0) -> 0
A25: 21 | B25: arsw23ise@cmrit.ac.in | C25: ARYA SWARAJ | D25: =VLOOKUP(B25,USN!$1:$1088,2,False) -> 1CR23IS021 | E25: 8789567983 | F25: ISE | H25: 84 | I25: 85 | J25: =VLOOKUP(D25,'L3'!$1:$2060,2,False) -> 78 | K25: =VLOOKUP(D25,'L4'!$1:$2059,2,False) -> 71 | L25: =VLOOKUP(D25,'A1 RETEST 5 DEC'!$1:$2096,2,FALSE) -> 32 | M25: =VLOOKUP(D25,'A2 RETEST 4 DEC'!$1:$2096,2,False) -> 37 | N25: 0 | P25: =IFNA(VLOOKUP(D25,'S1'!$1:$2000,2,False),0) -> 77 | Q25: =vlookup(D25,'S2'!A21:B1223,2,0) -> 55 | R25: =ifna(vlookup(D25,'S3'!$1:$1311,2,False),0) -> 0 | T25: 12 | U25: 23 | V25: 48 | X25: 28 | AA25: 100 | AB25: 100 | AC25: 44 | AD25: 70 | AE25: 23 | AG25: 42 | AK25: =IF(H25>=$H$4, IF(I25>=$I$4, IF(J25>=$J$4, IF(K25>=$K$4, 4, 3), 2), 1), 0) -> 4 | AL25: =IF(L25>=$L$4, IF(M25>=$M$4, IF(N25>=$N$4, IF(O25>=$O$4, 4, 3), 2), 1), 0) -> 0 | AM25: =IF(AND(U25>=$U$4, W25>=$W$4, Y25>=$Y$4, Z25<>"", Z25>=$Z$4), 5, IF(AND(U25>=$U$4, W25>=$W$4, Y25>=$Y$4), 4, IF(AND(U25>=$U$4, W25>=$W$4), 3, IF(AND(T25>=$T$4, U25>=$U$4), 2, 0 ) ) ) ) -> 2 | AN25: =IF(AB25>=$AB$4, IF(OR(AC25>=$AC$4, AD25>=$AD$4), IF(AND(AE25>=$AE$4, AF25>=$AF$4, OR(AG25>=$AG$4, AH25>=$AH$4)), "4", IF(OR(AE25>=$AE$4, AF25>=$AF$4), "3.5", "3")), "2"), "0") -> 3 | AO25: =IF(P25>=$P$4, IF(Q25>=$Q$4, IF(R25>=$R$4, IF(S25>=$S$4, 4, 3), 2), 1), 0) -> 2
A26: 22 | B26: arna23ise@cmrit.ac.in | C26: ARYAN NARESH | D26: =VLOOKUP(B26,USN!$1:$1088,2,False) -> 1CR23IS022 | E26: 8979459110 | F26: ISE | H26: 75 | I26: 84 | J26: =VLOOKUP(D26,'L3'!$1:$2060,2,False) -> 70 | K26: =VLOOKUP(D26,'L4'!$1:$2059,2,False) -> 70 | L26: =VLOOKUP(D26,'A1 RETEST 5 DEC'!$1:$2096,2,FALSE) -> 50 | M26: =VLOOKUP(D26,'A2 RETEST 4 DEC'!$1:$2096,2,False) -> 13 | N26: 17 | P26: =IFNA(VLOOKUP(D26,'S1'!$1:$2000,2,False),0) -> 79 | Q26: =vlookup(D26,'S2'!A22:B1224,2,0) -> 50 | R26: =ifna(vlookup(D26,'S3'!$1:$1311,2,False),0) -> 50 | T26: 20 | U26: 22 | V26: 40 | W26: 64 | X26: 76 | AA26: 100 | AB26: 87 | AC26: 52 | AD26: 65 | AE26: 36 | AG26: 42 | AK26: =IF(H26>=$H$4, IF(I26>=$I$4, IF(J26>=$J$4, IF(K26>=$K$4, 4, 3), 2), 1), 0) -> 4 | AL26: =IF(L26>=$L$4, IF(M26>=$M$4, IF(N26>=$N$4, IF(O26>=$O$4, 4, 3), 2), 1), 0) -> 1 | AM26: =IF(AND(U26>=$U$4, W26>=$W$4, Y26>=$Y$4, Z26<>"", Z26>=$Z$4), 5, IF(AND(U26>=$U$4, W26>=$W$4, Y26>=$Y$4), 4, IF(AND(U26>=$U$4, W26>=$W$4), 3, IF(AND(T26>=$T$4, U26>=$U$4), 2, 0 ) ) ) ) -> 3 | AN26: =IF(AB26>=$AB$4, IF(OR(AC26>=$AC$4, AD26>=$AD$4), IF(AND(AE26>=$AE$4, AF26>=$AF$4, OR(AG26>=$AG$4, AH26>=$AH$4)), "4", IF(OR(AE26>=$AE$4, AF26>=$AF$4), "3.5", "3")), "2"), "0") -> 3 | AO26: =IF(P26>=$P$4, IF(Q26>=$Q$4, IF(R26>=$R$4, IF(S26>=$S$4, 4, 3), 2), 1), 0) -> 3
A27: 23 | B27: assh23ise@cmrit.ac.in | C27: ASHMIT SHAW | D27: =VLOOKUP(B27,USN!$1:$1088,2,False) -> 1CR23IS023 | E27: 7003118896 | F27: ISE | H27: 73 | I27: 86 | J27: =VLOOKUP(D27,'L3'!$1:$2060,2,False) -> 70 | K27: =VLOOKUP(D27,'L4'!$1:$2059,2,False) -> 70 | L27: =VLOOKUP(D27,'A1 RETEST 5 DEC'!$1:$2096,2,FALSE) -> 50 | M27: =VLOOKUP(D27,'A2 RETEST 4 DEC'!$1:$2096,2,False) -> 52 | N27: 50 | P27: =IFNA(VLOOKUP(D27,'S1'!$1:$2000,2,False),0) -> 50 | Q27: =vlookup(D27,'S2'!A23:B1225,2,0) -> 50 | R27: =ifna(vlookup(D27,'S3'!$1:$1311,2,False),0) -> 80 | T27: 20 | U27: 22 | V27: 44 | W27: 50 | X27: 0 | AA27: 61 | AB27: 100 | AC27: 87 | AD27: 90 | AE27: 75 | AG27: 28 | AK27: =IF(H27>=$H$4, IF(I27>=$I$4, IF(J27>=$J$4, IF(K27>=$K$4, 4, 3), 2), 1), 0) -> 4 | AL27: =IF(L27>=$L$4, IF(M27>=$M$4, IF(N27>=$N$4, IF(O27>=$O$4, 4, 3), 2), 1), 0) -> 3 | AM27: =IF(AND(U27>=$U$4, W27>=$W$4, Y27>=$Y$4, Z27<>"", Z27>=$Z$4), 5, IF(AND(U27>=$U$4, W27>=$W$4, Y27>=$Y$4), 4, IF(AND(U27>=$U$4, W27>=$W$4), 3, IF(AND(T27>=$T$4, U27>=$U$4), 2, 0 ) ) ) ) -> 3 | AN27: =IF(AB27>=$AB$4, IF(OR(AC27>=$AC$4, AD27>=$AD$4), IF(AND(AE27>=$AE$4, AF27>=$AF$4, OR(AG27>=$AG$4, AH27>=$AH$4)), "4", IF(OR(AE27>=$AE$4, AF27>=$AF$4), "3.5", "3")), "2"), "0") -> 3.5 | AO27: =IF(P27>=$P$4, IF(Q27>=$Q$4, IF(R27>=$R$4, IF(S27>=$S$4, 4, 3), 2), 1), 0) -> 3
A28: 24 | B28: asmd23ise@cmrit.ac.in | C28: ASHWIJ M D | D28: =VLOOKUP(B28,USN!$1:$1088,2,False) -> 1CR23IS024 | E28: 8861268788 | F28: ISE | H28: 71 | I28: 79 | J28: =VLOOKUP(D28,'L3'!$1:$2060,2,False) -> 70 | K28: =VLOOKUP(D28,'L4'!$1:$2059,2,False) -> 70 | L28: =VLOOKUP(D28,'A1 RETEST 5 DEC'!$1:$2096,2,FALSE) -> 50 | M28: =VLOOKUP(D28,'A2 RETEST 4 DEC'!$1:$2096,2,False) -> 53 | N28: 26 | P28: =IFNA(VLOOKUP(D28,'S1'!$1:$2000,2,False),0) -> 50 | Q28: =vlookup(D28,'S2'!A24:B1226,2,0) -> 50 | R28: =ifna(vlookup(D28,'S3'!$1:$1311,2,False),0) -> 50 | T28: 21 | U28: 23 | V28: 46 | W28: 64 | X28: 76 | AA28: 38 | AB28: 87 | AC28: 20 | AD28: 90 | AE28: 39 | AG28: 35 | AK28: =IF(H28>=$H$4, IF(I28>=$I$4, IF(J28>=$J$4, IF(K28>=$K$4, 4, 3), 2), 1), 0) -> 4 | AL28: =IF(L28>=$L$4, IF(M28>=$M$4, IF(N28>=$N$4, IF(O28>=$O$4, 4, 3), 2), 1), 0) -> 2 | AM28: =IF(AND(U28>=$U$4, W28>=$W$4, Y28>=$Y$4, Z28<>"", Z28>=$Z$4), 5, IF(AND(U28>=$U$4, W28>=$W$4, Y28>=$Y$4), 4, IF(AND(U28>=$U$4, W28>=$W$4), 3, IF(AND(T28>=$T$4, U28>=$U$4), 2, 0 ) ) ) ) -> 3 | AN28: =IF(AB28>=$AB$4, IF(OR(AC28>=$AC$4, AD28>=$AD$4), IF(AND(AE28>=$AE$4, AF28>=$AF$4, OR(AG28>=$AG$4, AH28>=$AH$4)), "4", IF(OR(AE28>=$AE$4, AF28>=$AF$4), "3.5", "3")), "2"), "0") -> 3 | AO28: =IF(P28>=$P$4, IF(Q28>=$Q$4, IF(R28>=$R$4, IF(S28>=$S$4, 4, 3), 2), 1), 0) -> 3
A29: 25 | B29: ask23ise@cmrit.ac.in | C29: ASHWIN K | D29: =VLOOKUP(B29,USN!$1:$1088,2,False) -> 1CR23IS025 | E29: 7204551967 | F29: ISE | H29: 78 | I29: 85 | J29: =VLOOKUP(D29,'L3'!$1:$2060,2,False) -> 70 | K29: =VLOOKUP(D29,'L4'!$1:$2059,2,False) -> 70 | L29: =VLOOKUP(D29,'A1 RETEST 5 DEC'!$1:$2096,2,FALSE) -> 50 | M29: =VLOOKUP(D29,'A2 RETEST 4 DEC'!$1:$2096,2,False) -> 41 | N29: 29 | P29: =IFNA(VLOOKUP(D29,'S1'!$1:$2000,2,False),0) -> 50 | Q29: =vlookup(D29,'S2'!A25:B1227,2,0) -> 70 | R29: =ifna(vlookup(D29,'S3'!$1:$1311,2,False),0) -> 85 | T29: 10 | U29: 23 | W29: 36 | X29: 88 | AA29: 100 | AB29: 90 | AC29: 71 | AD29: 79 | AE29: 70 | AG29: 42 | AK29: =IF(H29>=$H$4, IF(I29>=$I$4, IF(J29>=$J$4, IF(K29>=$K$4, 4, 3), 2), 1), 0) -> 4 | AL29: =IF(L29>=$L$4, IF(M29>=$M$4, IF(N29>=$N$4, IF(O29>=$O$4, 4, 3), 2), 1), 0) -> 1 | AM29: =IF(AND(U29>=$U$4, W29>=$W$4, Y29>=$Y$4, Z29<>"", Z29>=$Z$4), 5, IF(AND(U29>=$U$4, W29>=$W$4, Y29>=$Y$4), 4, IF(AND(U29>=$U$4, W29>=$W$4), 3, IF(AND(T29>=$T$4, U29>=$U$4), 2, 0 ) ) ) ) -> 2 | AN29: =IF(AB29>=$AB$4, IF(OR(AC29>=$AC$4, AD29>=$AD$4), IF(AND(AE29>=$AE$4, AF29>=$AF$4, OR(AG29>=$AG$4, AH29>=$AH$4)), "4", IF(OR(AE29>=$AE$4, AF29>=$AF$4), "3.5", "3")), "2"), "0") -> 3.5 | AO29: =IF(P29>=$P$4, IF(Q29>=$Q$4, IF(R29>=$R$4, IF(S29>=$S$4, 4, 3), 2), 1), 0) -> 3
A30: 26 | B30: atus23ise@cmrit.ac.in | C30: ATHARV SAUNLO USCOICAR | D30: =VLOOKUP(B30,USN!$1:$1088,2,False) -> 1CR23IS026 | E30: 9326373636 | F30: ISE | H30: 82 | I30: 88 | J30: =VLOOKUP(D30,'L3'!$1:$2060,2,False) -> 70 | K30: =VLOOKUP(D30,'L4'!$1:$2059,2,False) -> 70 | L30: =VLOOKUP(D30,'A1 RETEST 5 DEC'!$1:$2096,2,FALSE) -> 50 | M30: =VLOOKUP(D30,'A2 RETEST 4 DEC'!$1:$2096,2,False) -> 8 | N30: 12 | P30: =IFNA(VLOOKUP(D30,'S1'!$1:$2000,2,False),0) -> 80 | Q30: =vlookup(D30,'S2'!A26:B1228,2,0) -> 50 | R30: =ifna(vlookup(D30,'S3'!$1:$1311,2,False),0) -> 86 | T30: 12 | U30: 17 | V30: 46 | W30: 64 | X30: 92 | AA30: 98 | AB30: 100 | AC30: 74 | AD30: 60 | AE30: 80 | AG30: 46 | AK30: =IF(H30>=$H$4, IF(I30>=$I$4, IF(J30>=$J$4, IF(K30>=$K$4, 4, 3), 2), 1), 0) -> 4 | AL30: =IF(L30>=$L$4, IF(M30>=$M$4, IF(N30>=$N$4, IF(O30>=$O$4, 4, 3), 2), 1), 0) -> 1 | AM30: =IF(AND(U30>=$U$4, W30>=$W$4, Y30>=$Y$4, Z30<>"", Z30>=$Z$4), 5, IF(AND(U30>=$U$4, W30>=$W$4, Y30>=$Y$4), 4, IF(AND(U30>=$U$4, W30>=$W$4), 3, IF(AND(T30>=$T$4, U30>=$U$4), 2, 0 ) ) ) ) -> 3 | AN30: =IF(AB30>=$AB$4, IF(OR(AC30>=$AC$4, AD30>=$AD$4), IF(AND(AE30>=$AE$4, AF30>=$AF$4, OR(AG30>=$AG$4, AH30>=$AH$4)), "4", IF(OR(AE30>=$AE$4, AF30>=$AF$4), "3.5", "3")), "2"), "0") -> 3.5 | AO30: =IF(P30>=$P$4, IF(Q30>=$Q$4, IF(R30>=$R$4, IF(S30>=$S$4, 4, 3), 2), 1), 0) -> 3
A31: 27 | B31: bapa23ise@cmrit.ac.in | C31: BALARAJ MALLAPPA PARANATTI | D31: =VLOOKUP(B31,USN!$1:$1088,2,False) -> 1CR23IS027 | E31: 7676079693 | F31: ISE | H31: 70 | I31: 76 | J31: =VLOOKUP(D31,'L3'!$1:$2060,2,False) -> 76 | K31: =VLOOKUP(D31,'L4'!$1:$2059,2,False) -> 70 | L31: =VLOOKUP(D31,'A1 RETEST 5 DEC'!$1:$2096,2,FALSE) -> 50 | M31: =VLOOKUP(D31,'A2 RETEST 4 DEC'!$1:$2096,2,False) -> 50 | N31: 50 | P31: =IFNA(VLOOKUP(D31,'S1'!$1:$2000,2,False),0) -> 77 | Q31: =vlookup(D31,'S2'!A27:B1229,2,0) -> 50 | R31: =ifna(vlookup(D31,'S3'!$1:$1311,2,False),0) -> 50 | T31: 11 | U31: 24 | V31: 46 | W31: 64 | X31: 84 | AA31: 52 | AB31: 100 | AC31: 66 | AD31: 60 | AE31: 70 | AG31: 71 | AK31: =IF(H31>=$H$4, IF(I31>=$I$4, IF(J31>=$J$4, IF(K31>=$K$4, 4, 3), 2), 1), 0) -> 4 | AL31: =IF(L31>=$L$4, IF(M31>=$M$4, IF(N31>=$N$4, IF(O31>=$O$4, 4, 3), 2), 1), 0) -> 3 | AM31: =IF(AND(U31>=$U$4, W31>=$W$4, Y31>=$Y$4, Z31<>"", Z31>=$Z$4), 5, IF(AND(U31>=$U$4, W31>=$W$4, Y31>=$Y$4), 4, IF(AND(U31>=$U$4, W31>=$W$4), 3, IF(AND(T31>=$T$4, U31>=$U$4), 2, 0 ) ) ) ) -> 3 | AN31: =IF(AB31>=$AB$4, IF(OR(AC31>=$AC$4, AD31>=$AD$4), IF(AND(AE31>=$AE$4, AF31>=$AF$4, OR(AG31>=$AG$4, AH31>=$AH$4)), "4", IF(OR(AE31>=$AE$4, AF31>=$AF$4), "3.5", "3")), "2"), "0") -> 3.5 | AO31: =IF(P31>=$P$4, IF(Q31>=$Q$4, IF(R31>=$R$4, IF(S31>=$S$4, 4, 3), 2), 1), 0) -> 3
A32: 28 | B32: bek23ise@cmrit.ac.in | C32: BEESHMA ARJUN K | D32: =VLOOKUP(B32,USN!$1:$1088,2,False) -> 1CR23IS028 | E32: 7975584486 | F32: ISE | H32: 74 | I32: 86 | J32: =VLOOKUP(D32,'L3'!$1:$2060,2,False) -> 76 | K32: =VLOOKUP(D32,'L4'!$1:$2059,2,False) -> 70 | L32: =VLOOKUP(D32,'A1 RETEST 5 DEC'!$1:$2096,2,FALSE) -> 64 | M32: =VLOOKUP(D32,'A2 RETEST 4 DEC'!$1:$2096,2,False) -> 64 | N32: 70 | P32: =IFNA(VLOOKUP(D32,'S1'!$1:$2000,2,False),0) -> 77 | Q32: =vlookup(D32,'S2'!A28:B1230,2,0) -> 70 | R32: =ifna(vlookup(D32,'S3'!$1:$1311,2,False),0) -> 81 | T32: 14 | U32: 22 | W32: 64 | X32: 72 | AA32: 96 | AB32: 100 | AC32: 80 | AD32: 75 | AE32: 77 | AG32: 69 | AK32: =IF(H32>=$H$4, IF(I32>=$I$4, IF(J32>=$J$4, IF(K32>=$K$4, 4, 3), 2), 1), 0) -> 4 | AL32: =IF(L32>=$L$4, IF(M32>=$M$4, IF(N32>=$N$4, IF(O32>=$O$4, 4, 3), 2), 1), 0) -> 3 | AM32: =IF(AND(U32>=$U$4, W32>=$W$4, Y32>=$Y$4, Z32<>"", Z32>=$Z$4), 5, IF(AND(U32>=$U$4, W32>=$W$4, Y32>=$Y$4), 4, IF(AND(U32>=$U$4, W32>=$W$4), 3, IF(AND(T32>=$T$4, U32>=$U$4), 2, 0 ) ) ) ) -> 3 | AN32: =IF(AB32>=$AB$4, IF(OR(AC32>=$AC$4, AD32>=$AD$4), IF(AND(AE32>=$AE$4, AF32>=$AF$4, OR(AG32>=$AG$4, AH32>=$AH$4)), "4", IF(OR(AE32>=$AE$4, AF32>=$AF$4), "3.5", "3")), "2"), "0") -> 3.5 | AO32: =IF(P32>=$P$4, IF(Q32>=$Q$4, IF(R32>=$R$4, IF(S32>=$S$4, 4, 3), 2), 1), 0) -> 3
A33: 29 | B33: bhc23ise@cmrit.ac.in | C33: BHANU PRAKASHREDDY C | D33: =VLOOKUP(B33,USN!$1:$1088,2,False) -> 1CR23IS029 | E33: 9945419326 | F33: ISE | H33: 70 | I33: 83 | J33: =VLOOKUP(D33,'L3'!$1:$2060,2,False) -> 70 | K33: =VLOOKUP(D33,'L4'!$1:$2059,2,False) -> 70 | L33: =VLOOKUP(D33,'A1 RETEST 5 DEC'!$1:$2096,2,FALSE) -> 50 | M33: =VLOOKUP(D33,'A2 RETEST 4 DEC'!$1:$2096,2,False) -> 37 | N33: 11 | P33: =IFNA(VLOOKUP(D33,'S1'!$1:$2000,2,False),0) -> 90 | Q33: =vlookup(D33,'S2'!A29:B1231,2,0) -> 50 | R33: =ifna(vlookup(D33,'S3'!$1:$1311,2,False),0) -> 82 | T33: 18 | U33: 24 | V33: 42 | W33: 52 | X33: 72 | AA33: 12 | AB33: 90 | AC33: 62 | AD33: 60 | AE33: 52 | AG33: 30 | AK33: =IF(H33>=$H$4, IF(I33>=$I$4, IF(J33>=$J$4, IF(K33>=$K$4, 4, 3), 2), 1), 0) -> 4 | AL33: =IF(L33>=$L$4, IF(M33>=$M$4, IF(N33>=$N$4, IF(O33>=$O$4, 4, 3), 2), 1), 0) -> 1 | AM33: =IF(AND(U33>=$U$4, W33>=$W$4, Y33>=$Y$4, Z33<>"", Z33>=$Z$4), 5, IF(AND(U33>=$U$4, W33>=$W$4, Y33>=$Y$4), 4, IF(AND(U33>=$U$4, W33>=$W$4), 3, IF(AND(T33>=$T$4, U33>=$U$4), 2, 0 ) ) ) ) -> 3 | AN33: =IF(AB33>=$AB$4, IF(OR(AC33>=$AC$4, AD33>=$AD$4), IF(AND(AE33>=$AE$4, AF33>=$AF$4, OR(AG33>=$AG$4, AH33>=$AH$4)), "4", IF(OR(AE33>=$AE$4, AF33>=$AF$4), "3.5", "3")), "2"), "0") -> 3 | AO33: =IF(P33>=$P$4, IF(Q33>=$Q$4, IF(R33>=$R$4, IF(S33>=$S$4, 4, 3), 2), 1), 0) -> 3
A34: 30 | B34: bhgm23ise@cmrit.ac.in | C34: BHARATH G M | D34: =VLOOKUP(B34,USN!$1:$1088,2,False) -> 1CR23IS030 | E34: 6361673647 | F34: ISE | H34: 70 | I34: 75 | J34: =VLOOKUP(D34,'L3'!$1:$2060,2,False) -> 70 | K34: =VLOOKUP(D34,'L4'!$1:$2059,2,False) -> 70 | L34: =VLOOKUP(D34,'A1 RETEST 5 DEC'!$1:$2096,2,FALSE) -> 21 | M34: =VLOOKUP(D34,'A2 RETEST 4 DEC'!$1:$2096,2,False) -> 50 | N34: 50 | P34: =IFNA(VLOOKUP(D34,'S1'!$1:$2000,2,False),0) -> 50 | Q34: =vlookup(D34,'S2'!A30:B1232,2,0) -> 50 | R34: =ifna(vlookup(D34,'S3'!$1:$1311,2,False),0) -> 50 | T34: 11 | U34: 21 | V34: 42 | W34: 64 | X34: 68 | AA34: 26 | AB34: 87 | AC34: 61 | AD34: 60 | AE34: 15 | AG34: 33 | AK34: =IF(H34>=$H$4, IF(I34>=$I$4, IF(J34>=$J$4, IF(K34>=$K$4, 4, 3), 2), 1), 0) -> 4 | AL34: =IF(L34>=$L$4, IF(M34>=$M$4, IF(N34>=$N$4, IF(O34>=$O$4, 4, 3), 2), 1), 0) -> 0 | AM34: =IF(AND(U34>=$U$4, W34>=$W$4, Y34>=$Y$4, Z34<>"", Z34>=$Z$4), 5, IF(AND(U34>=$U$4, W34>=$W$4, Y34>=$Y$4), 4, IF(AND(U34>=$U$4, W34>=$W$4), 3, IF(AND(T34>=$T$4, U34>=$U$4), 2, 0 ) ) ) ) -> 3 | AN34: =IF(AB34>=$AB$4, IF(OR(AC34>=$AC$4, AD34>=$AD$4), IF(AND(AE34>=$AE$4, AF34>=$AF$4, OR(AG34>=$AG$4, AH34>=$AH$4)), "4", IF(OR(AE34>=$AE$4, AF34>=$AF$4), "3.5", "3")), "2"), "0") -> 3 | AO34: =IF(P34>=$P$4, IF(Q34>=$Q$4, IF(R34>=$R$4, IF(S34>=$S$4, 4, 3), 2), 1), 0) -> 3
A35: 31 | B35: bhg23ise@cmrit.ac.in | C35: BHAVYASHREE G | D35: =VLOOKUP(B35,USN!$1:$1088,2,False) -> 1CR23IS031 | E35: 9483310578 | F35: ISE | H35: 65 | I35: 79 | J35: =VLOOKUP(D35,'L3'!$1:$2060,2,False) -> 70 | K35: =VLOOKUP(D35,'L4'!$1:$2059,2,False) -> 73 | L35: =VLOOKUP(D35,'A1 RETEST 5 DEC'!$1:$2096,2,FALSE) -> 28 | M35: =VLOOKUP(D35,'A2 RETEST 4 DEC'!$1:$2096,2,False) -> 41 | N35: 50 | P35: =IFNA(VLOOKUP(D35,'S1'!$1:$2000,2,False),0) -> 91 | Q35: =vlookup(D35,'S2'!A31:B1233,2,0) -> 55 | R35: =ifna(vlookup(D35,'S3'!$1:$1311,2,False),0) -> 86 | T35: 20 | U35: 22 | V35: 48 | W35: 60 | X35: 76 | AA35: 100 | AB35: 93 | AC35: 70 | AD35: 60 | AE35: 61 | AG35: 67 | AK35: =IF(H35>=$H$4, IF(I35>=$I$4, IF(J35>=$J$4, IF(K35>=$K$4, 4, 3), 2), 1), 0) -> 4 | AL35: =IF(L35>=$L$4, IF(M35>=$M$4, IF(N35>=$N$4, IF(O35>=$O$4, 4, 3), 2), 1), 0) -> 0 | AM35: =IF(AND(U35>=$U$4, W35>=$W$4, Y35>=$Y$4, Z35<>"", Z35>=$Z$4), 5, IF(AND(U35>=$U$4, W35>=$W$4, Y35>=$Y$4), 4, IF(AND(U35>=$U$4, W35>=$W$4), 3, IF(AND(T35>=$T$4, U35>=$U$4), 2, 0 ) ) ) ) -> 3 | AN35: =IF(AB35>=$AB$4, IF(OR(AC35>=$AC$4, AD35>=$AD$4), IF(AND(AE35>=$AE$4, AF35>=$AF$4, OR(AG35>=$AG$4, AH35>=$AH$4)), "4", IF(OR(AE35>=$AE$4, AF35>=$AF$4), "3.5", "3")), "2"), "0") -> 3 | AO35: =IF(P35>=$P$4, IF(Q35>=$Q$4, IF(R35>=$R$4, IF(S35>=$S$4, 4, 3), 2), 1), 0) -> 3
A36: 32 | B36: bhma23ise@cmrit.ac.in | C36: BHOOMIKA MANTUR | D36: =VLOOKUP(B36,USN!$1:$1088,2,False) -> 1CR23IS032 | E36: 6362442718 | F36: ISE | H36: 77 | I36: 84 | J36: =VLOOKUP(D36,'L3'!$1:$2060,2,False) -> 70 | K36: =VLOOKUP(D36,'L4'!$1:$2059,2,False) -> 70 | L36: =VLOOKUP(D36,'A1 RETEST 5 DEC'!$1:$2096,2,FALSE) -> 54 | M36: =VLOOKUP(D36,'A2 RETEST 4 DEC'!$1:$2096,2,False) -> 58 | N36: 56 | P36: =IFNA(VLOOKUP(D36,'S1'!$1:$2000,2,False),0) -> 50 | Q36: =vlookup(D36,'S2'!A32:B1234,2,0) -> 58 | R36: =ifna(vlookup(D36,'S3'!$1:$1311,2,False),0) -> 78 | T36: 12 | U36: 23 | V36: 48 | W36: 56 | X36: 72 | AA36: 94 | AB36: 93 | AC36: 77 | AD36: 77 | AE36: 70 | AG36: 69 | AK36: =IF(H36>=$H$4, IF(I36>=$I$4, IF(J36>=$J$4, IF(K36>=$K$4, 4, 3), 2), 1), 0) -> 4 | AL36: =IF(L36>=$L$4, IF(M36>=$M$4, IF(N36>=$N$4, IF(O36>=$O$4, 4, 3), 2), 1), 0) -> 3 | AM36: =IF(AND(U36>=$U$4, W36>=$W$4, Y36>=$Y$4, Z36<>"", Z36>=$Z$4), 5, IF(AND(U36>=$U$4, W36>=$W$4, Y36>=$Y$4), 4, IF(AND(U36>=$U$4, W36>=$W$4), 3, IF(AND(T36>=$T$4, U36>=$U$4), 2, 0 ) ) ) ) -> 3 | AN36: =IF(AB36>=$AB$4, IF(OR(AC36>=$AC$4, AD36>=$AD$4), IF(AND(AE36>=$AE$4, AF36>=$AF$4, OR(AG36>=$AG$4, AH36>=$AH$4)), "4", IF(OR(AE36>=$AE$4, AF36>=$AF$4), "3.5", "3")), "2"), "0") -> 3.5 | AO36: =IF(P36>=$P$4, IF(Q36>=$Q$4, IF(R36>=$R$4, IF(S36>=$S$4, 4, 3), 2), 1), 0) -> 3
A37: 33 | B37: bich23ise@cmrit.ac.in | C37: BIBEK CHAUBE | D37: =VLOOKUP(B37,USN!$1:$1088,2,False) -> 1CR23IS033 | E37: 7570971724 | F37: ISE | H37: 62 | I37: 70 | J37: =VLOOKUP(D37,'L3'!$1:$2060,2,False) -> 26 | K37: =VLOOKUP(D37,'L4'!$1:$2059,2,False) -> 30 | L37: =VLOOKUP(D37,'A1 RETEST 5 DEC'!$1:$2096,2,FALSE) -> 28 | M37: =VLOOKUP(D37,'A2 RETEST 4 DEC'!$1:$2096,2,False) -> 0 | N37: 0 | P37: =IFNA(VLOOKUP(D37,'S1'!$1:$2000,2,False),0) -> 0 | Q37: =vlookup(D37,'S2'!A33:B1235,2,0) -> 0 | R37: =ifna(vlookup(D37,'S3'!$1:$1311,2,False),0) -> 0 | T37: 12 | U37: 19 | X37: 0 | AA37: 24 | AB37: 86 | AC37: 0 | AD37: 0 | AE37: 10 | AG37: 30 | AK37: =IF(H37>=$H$4, IF(I37>=$I$4, IF(J37>=$J$4, IF(K37>=$K$4, 4, 3), 2), 1), 0) -> 0 | AL37: =IF(L37>=$L$4, IF(M37>=$M$4, IF(N37>=$N$4, IF(O37>=$O$4, 4, 3), 2), 1), 0) -> 0 | AM37: =IF(AND(U37>=$U$4, W37>=$W$4, Y37>=$Y$4, Z37<>"", Z37>=$Z$4), 5, IF(AND(U37>=$U$4, W37>=$W$4, Y37>=$Y$4), 4, IF(AND(U37>=$U$4, W37>=$W$4), 3, IF(AND(T37>=$T$4, U37>=$U$4), 2, 0 ) ) ) ) -> 2 | AN37: =IF(AB37>=$AB$4, IF(OR(AC37>=$AC$4, AD37>=$AD$4), IF(AND(AE37>=$AE$4, AF37>=$AF$4, OR(AG37>=$AG$4, AH37>=$AH$4)), "4", IF(OR(AE37>=$AE$4, AF37>=$AF$4), "3.5", "3")), "2"), "0") -> 2 | AO37: =IF(P37>=$P$4, IF(Q37>=$Q$4, IF(R37>=$R$4, IF(S37>=$S$4, 4, 3), 2), 1), 0) -> 0
